date,old_RUB,year,month,GDP_per_capita,Brent_price,GDP_deflator,FD_investment,Inflation,currency_rate_change,sov_disrupt,denomination,RUB,shock_1998,shock_2008,shock_2014,shock_2020,shock_2022,log_RUB
1992-07-31,141.55599999999998,1992.0,7.0,3098.802734375,20.38,1490.4184248448,1161000000.0,1490.4184248448,2.928888493475218,1.0,pre,0.141556,0,0,0,0,0,-1.9550598804737513
1992-08-31,168.1625,1992.0,8.0,3098.802734375,19.65,1490.4184248448,1161000000.0,1490.4184248448,3.2749876884754365,1.0,pre,0.1681625,0,0,0,0,0,-1.7828245051704759
1992-09-30,220.4888888888889,1992.0,9.0,3098.802734375,20.18,1490.4184248448,1161000000.0,1490.4184248448,2.5464037066626535,1.0,pre,0.22048888888888887,0,0,0,0,0,-1.5119079758914626
1992-10-31,353.77777777777777,1992.0,10.0,3098.802734375,19.13,1490.4184248448,1161000000.0,1490.4184248448,5.348117888702751,1.0,pre,0.3537777777777778,0,0,0,0,0,-1.0390863093540827
1992-11-30,426.25,1992.0,11.0,3098.802734375,19.25,1490.4184248448,1161000000.0,1490.4184248448,1.4910994675461393,1.0,pre,0.42625,0,0,0,0,0,-0.8527292503844105
1992-12-31,414.55555555555554,1992.0,12.0,3098.802734375,17.85,1490.4184248448,1161000000.0,1490.4184248448,-0.7854868143996053,1.0,pre,0.41455555555555557,0,0,0,0,0,-0.8805482830971986
1993-01-31,484.2142857142857,1993.0,1.0,2930.6701660156295,18.48,887.840736234023,1210782000.0,887.840736234023,4.814671450876863,1.0,pre,0.4842142857142857,0,0,0,0,0,-0.72522773116643
1993-02-28,569.0,1993.0,2.0,2930.67016601563,18.83,887.840736234023,1210782000.0,887.840736234023,0.4640790399276201,1.0,pre,0.569,0,0,0,0,0,-0.5638748448558062
1993-03-31,664.5555555555555,1993.0,3.0,2930.67016601563,18.7,887.840736234023,1210782000.0,887.840736234023,1.6379857420029416,1.0,pre,0.6645555555555557,0,0,0,0,0,-0.40863679927379926
1993-04-30,767.2222222222222,1993.0,4.0,2930.67016601563,18.85,887.840736234023,1210782000.0,887.840736234023,2.082184495356591,1.0,pre,0.7672222222222224,0,0,0,0,0,-0.26497879047496375
1993-05-31,914.5714285714286,1993.0,5.0,2930.6701660156295,18.430000000000003,887.840736234023,1210782000.0,887.840736234023,2.7457684938741025,1.0,pre,0.9145714285714286,0,0,0,0,0,-0.08929970750764196
1993-06-30,1079.625,1993.0,6.0,2930.67016601563,17.43,887.840736234023,1210782000.0,887.840736234023,0.8368096981753295,1.0,pre,1.079625,0,0,0,0,0,0.07661375861831264
1993-07-31,1025.5,1993.0,7.0,2930.67016601563,16.85,887.840736234023,1210782000.0,887.840736234023,-0.7603401126862839,1.0,pre,1.0255,0,0,0,0,0,0.025180298530298326
1993-08-31,985.5625,1993.0,8.0,2930.67016601563,16.73,887.840736234023,1210782000.0,887.840736234023,-0.05686259847238889,1.0,pre,0.9855625,0,0,0,0,0,-0.014542734816331416
1993-09-30,1058.611111111111,1993.0,9.0,2930.67016601563,17.23,887.840736234023,1210782000.0,887.840736234023,2.547933411894406,1.0,pre,1.0586111111111112,0,0,0,0,0,0.0569577764296589
1993-10-31,1185.75,1993.0,10.0,2930.67016601563,15.43,887.840736234023,1210782000.0,887.840736234023,-0.15113529114532398,1.0,pre,1.18575,0,0,0,0,0,0.17037548577555411
1993-11-30,1190.75,1993.0,11.0,2930.67016601563,14.23,887.840736234023,1210782000.0,887.840736234023,0.2940032210825283,1.0,pre,1.19075,0,0,0,0,0,0.1745833606988327
1993-12-31,1238.888888888889,1993.0,12.0,2930.67016601563,13.18,887.840736234023,1210782000.0,887.840736234023,0.29974605010826394,1.0,pre,1.238888888888889,0,0,0,0,0,0.2142149205699084
1994-01-31,1435.857142857143,1994.0,1.0,2662.10400390625,14.83,307.29805689706103,689570000.0,307.29805689706103,3.1426615928493513,1.0,pre,1.4358571428571427,0,0,0,0,0,0.3617619829872894
1994-02-28,1579.125,1994.0,2.0,2662.10400390625,13.59,307.298056897061,689570000.0,307.298056897061,0.9135007996679836,1.0,pre,1.579125,0,0,0,0,0,0.4568708961680644
1994-03-31,1717.25,1994.0,3.0,2662.10400390625,13.25,307.298056897061,689570000.0,307.298056897061,0.7070027271926821,1.0,pre,1.71725,0,0,0,0,0,0.5407241741118539
1994-04-30,1790.111111111111,1994.0,4.0,2662.10400390625,15.350000000000001,307.298056897061,689570000.0,307.298056897061,0.41847604383126796,1.0,pre,1.7901111111111112,0,0,0,0,0,0.5822776911726303
1994-05-31,1876.5714285714287,1994.0,5.0,2662.10400390625,16.180000000000003,307.29805689706103,689570000.0,307.29805689706103,0.625398956473054,1.0,pre,1.8765714285714286,0,0,0,0,0,0.6294464036547591
1994-06-30,1952.2222222222222,1994.0,6.0,2662.10400390625,17.45,307.298056897061,689570000.0,307.298056897061,0.48213987582204076,1.0,pre,1.9522222222222223,0,0,0,0,0,0.6689683248627865
1994-07-31,2022.888888888889,1994.0,7.0,2662.10400390625,18.48,307.298056897061,689570000.0,307.298056897061,0.3698609730999447,1.0,pre,2.0228888888888887,0,0,0,0,0,0.7045266327468775
1994-08-31,2118.222222222222,1994.0,8.0,2662.10400390625,16.03,307.298056897061,689570000.0,307.298056897061,0.5364532979438188,1.0,pre,2.1182222222222222,0,0,0,0,0,0.7505771624602217
1994-09-30,2346.4444444444443,1994.0,9.0,2662.10400390625,16.73,307.298056897061,689570000.0,307.298056897061,2.1142703919904484,1.0,pre,2.3464444444444443,0,0,0,0,0,0.8529011800481032
1994-10-31,3065.375,1994.0,10.0,2662.10400390625,17.18,307.298056897061,689570000.0,307.298056897061,3.2278825400110502,1.0,pre,3.065375,0,0,0,0,0,1.120169911006907
1994-11-30,3144.0,1994.0,11.0,2662.10400390625,16.95,307.298056897061,689570000.0,307.298056897061,0.6284331599936676,1.0,pre,3.144,0,0,0,0,0,1.1454958745669601
1994-12-31,3388.222222222222,1994.0,12.0,2662.10400390625,16.23,307.298056897061,689570000.0,307.298056897061,1.0487277619300646,1.0,pre,3.3882222222222222,0,0,0,0,0,1.220305365613496
1995-01-31,3836.285714285714,1995.0,1.0,2665.77978515625,16.8,144.006867163195,2065720000.0,144.006867163195,1.7365209207561507,1.0,pre,3.8362857142857143,0,0,0,0,0,1.3445046365952031
1995-02-28,4214.75,1995.0,2.0,2665.77978515625,17.23,144.006867163195,2065720000.0,144.006867163195,1.2062975855325315,1.0,pre,4.21475,0,0,0,0,0,1.4385902777137736
1995-03-31,4721.0,1995.0,3.0,2665.77978515625,17.979999999999997,144.006867163195,2065720000.0,144.006867163195,1.0611171291615151,1.0,pre,4.721,0,0,0,0,0,1.5520206415641498
1995-04-30,5024.125,1995.0,4.0,2665.77978515625,18.98,144.006867163195,2065720000.0,144.006867163195,0.5095137888633792,1.0,pre,5.024125,0,0,0,0,0,1.6142513094296296
1995-05-31,5053.857142857143,1995.0,5.0,2665.77978515625,17.58,144.006867163195,2065720000.0,144.006867163195,-0.29440290932735463,1.0,pre,5.053857142857143,0,0,0,0,0,1.6201517424124001
1995-06-30,4724.555555555556,1995.0,6.0,2665.77978515625,16.58,144.006867163195,2065720000.0,144.006867163195,-1.0504162235133077,1.0,pre,4.724555555555556,0,0,0,0,0,1.5527734942052844
1995-07-31,4522.5,1995.0,7.0,2665.77978515625,15.78,144.006867163195,2065720000.0,144.006867163195,-0.339972722411129,1.0,pre,4.5225,0,0,0,0,0,1.5090649382873131
1995-08-31,4415.0,1995.0,8.0,2665.77978515625,16.2,144.006867163195,2065720000.0,144.006867163195,0.05043479642143911,1.0,pre,4.415000000000001,0,0,0,0,0,1.4850078340559236
1995-09-30,4471.555555555556,1995.0,9.0,2665.77978515625,16.58,144.006867163195,2065720000.0,144.006867163195,0.18197786898865,1.0,pre,4.471555555555556,0,0,0,0,0,1.497736347093585
1995-10-31,4501.25,1995.0,10.0,2665.77978515625,16.58,144.006867163195,2065720000.0,144.006867163195,-0.010944564376585975,1.0,pre,4.501250000000001,0,0,0,0,0,1.5043551359809482
1995-11-30,4539.0,1995.0,11.0,2665.77978515625,17.13,144.006867163195,2065720000.0,144.006867163195,0.20399692232652145,1.0,pre,4.539000000000001,0,0,0,0,0,1.5127067234743288
1995-12-31,4619.75,1995.0,12.0,2665.77978515625,18.65,144.006867163195,2065720000.0,144.006867163195,0.16856251033598862,1.0,pre,4.61975,0,0,0,0,0,1.5303405910753978
1996-01-31,4688.625,1996.0,1.0,2643.92919921875,16.63,46.0363776683441,2579330000.0,46.0363776683441,0.2458154449545613,1.0,pre,4.688625,0,0,0,0,0,1.5451393625011365
1996-02-29,4761.375,1996.0,2.0,2643.92919921875,18.8,46.0363776683441,2579330000.0,46.0363776683441,0.21777858154164442,1.0,pre,4.761375,0,0,0,0,0,1.5605364920759281
1996-03-31,4834.888888888889,1996.0,3.0,2643.92919921875,20.33,46.0363776683441,2579330000.0,46.0363776683441,0.08967846545297536,1.0,pre,4.834888888888888,0,0,0,0,0,1.575858148059791
1996-04-30,4901.5,1996.0,4.0,2643.92919921875,19.5,46.0363776683441,2579330000.0,46.0363776683441,0.19950925568844868,1.0,pre,4.9014999999999995,0,0,0,0,0,1.5895412807196436
1996-05-31,4988.142857142857,1996.0,5.0,2643.92919921875,18.099999999999998,46.036377668344116,2579330000.0,46.036377668344116,0.11790580298457239,1.0,pre,4.988142857142856,0,0,0,0,0,1.6070636675726355
1996-06-30,5055.85,1996.0,6.0,2643.92919921875,19.279999999999994,46.03637766834411,2579330000.0,46.03637766834411,0.09294131299469599,1.0,pre,5.05585,0,0,0,0,0,1.6205459886829419
1996-07-31,5148.333333333333,1996.0,7.0,2643.92919921875,19.0,46.03637766834411,2579330000.0,46.03637766834411,0.07680394593688163,1.0,pre,5.148333333333333,0,0,0,0,0,1.6386730377024354
1996-08-31,5282.608695652174,1996.0,8.0,2643.92919921875,20.980000000000008,46.03637766834411,2579330000.0,46.03637766834411,0.12722766762452745,1.0,pre,5.282608695652173,0,0,0,0,0,1.6644200468514532
1996-09-30,5371.5,1996.0,9.0,2643.92919921875,24.149999999999995,46.03637766834411,2579330000.0,46.03637766834411,0.047494886642343026,1.0,pre,5.3715,0,0,0,0,0,1.6811071991244602
1996-10-31,5431.391304347826,1996.0,10.0,2643.92919921875,22.800000000000004,46.03637766834411,2579330000.0,46.03637766834411,0.047300251592936216,1.0,pre,5.431391304347827,0,0,0,0,0,1.6921953266041234
1996-11-30,5482.952380952381,1996.0,11.0,2643.92919921875,23.170000000000005,46.03637766834411,2579330000.0,46.03637766834411,0.04865288528492561,1.0,pre,5.48295238095238,0,0,0,0,0,1.7016437115314493
1996-12-31,5536.857142857143,1996.0,12.0,2643.92919921875,23.899999999999995,46.03637766834411,2579330000.0,46.03637766834411,0.04216416901078588,1.0,pre,5.5368571428571425,0,0,0,0,0,1.7114270370487443
1997-01-31,5600.85,1997.0,1.0,2737.5720214843805,23.279999999999994,15.058503642684604,4864650000.0,15.058503642684604,0.06169406456525195,0.0,pre,5.600849999999999,0,0,0,0,0,1.722918371937103
1997-02-28,5653.825,1997.0,2.0,2737.5720214843805,19.44,15.058503642684604,4864650000.0,15.058503642684604,0.04158447110291785,0.0,pre,5.653825,0,0,0,0,0,1.7323323072536563
1997-03-31,5703.925,1997.0,3.0,2737.5720214843805,18.529999999999994,15.058503642684604,4864650000.0,15.058503642684604,0.043862514620391924,0.0,pre,5.703925,0,0,0,0,0,1.7411545343579486
1997-04-30,5747.272727272727,1997.0,4.0,2737.5720214843805,18.25,15.058503642684606,4864650000.0,15.058503642684606,0.028493144104625345,0.0,pre,5.747272727272728,0,0,0,0,0,1.7487254339891012
1997-05-31,5770.45,1997.0,5.0,2737.5720214843805,18.990000000000002,15.058503642684604,4864650000.0,15.058503642684604,0.009537812986912253,0.0,pre,5.770449999999999,0,0,0,0,0,1.7527500670803637
1997-06-30,5780.026315789473,1997.0,6.0,2737.5720214843805,18.220000000000002,15.058503642684604,4864650000.0,15.058503642684604,0.00819976157767983,0.0,pre,5.780026315789473,0,0,0,0,0,1.7544082355786748
1997-07-31,5787.347826086957,1997.0,7.0,2737.572021484381,18.94,15.058503642684608,4864650000.0,15.058503642684608,0.012016152467356333,0.0,pre,5.787347826086956,0,0,0,0,0,1.7556741255179809
1997-08-31,5811.886363636364,1997.0,8.0,2737.5720214843805,17.980000000000004,15.058503642684606,4864650000.0,15.058503642684606,0.025022445176791187,0.0,pre,5.811886363636364,0,0,0,0,0,1.7599051934928678
1997-09-30,5846.976190476191,1997.0,9.0,2737.5720214843805,19.959999999999997,15.058503642684606,4864650000.0,15.058503642684606,0.024444730628183007,0.0,pre,5.846976190476191,0,0,0,0,0,1.76592463709292
1997-10-31,5874.869565217391,1997.0,10.0,2737.572021484381,19.420000000000005,15.058503642684608,4864650000.0,15.058503642684608,0.01998937817647223,0.0,pre,5.874869565217392,0,0,0,0,0,1.7706838581186373
1997-11-30,5902.8,1997.0,11.0,2737.5720214843805,18.959999999999997,15.058503642684604,4864650000.0,15.058503642684604,0.027110745580924966,0.0,pre,5.9028,0,0,0,0,0,1.7754268146071575
1997-12-31,5940.7,1997.0,12.0,2737.5720214843805,15.860000000000003,15.058503642684604,4864650000.0,15.058503642684604,0.0345236855544101,0.0,pre,5.9407,0,0,0,0,0,1.781826971549208
1998-01-31,5.99665,1998.0,1.0,1834.86181640625,15.589999999999995,18.538967341902396,2761360000.0,18.538967341902396,-4.939909475295409,0.0,post,5.99665,0,0,0,0,0,1.7912009799686242
1998-02-28,6.05085,1998.0,2.0,1834.86181640625,13.529999999999998,18.538967341902396,2761360000.0,18.538967341902396,0.03803051559516102,0.0,post,6.05085,0,0,0,0,0,1.8001987580418986
1998-03-31,6.089924999999999,1998.0,3.0,1834.86181640625,13.87,18.538967341902396,2761360000.0,18.538967341902396,0.027923418646798037,0.0,post,6.089924999999999,0,0,0,0,0,1.806635766375036
1998-04-30,6.123772727272728,1998.0,4.0,1834.86181640625,13.790000000000003,18.538967341902392,2761360000.0,18.538967341902392,0.020057970359222865,0.0,post,6.123772727272728,0,0,0,0,0,1.8121783652963146
1998-05-31,6.149447368421053,1998.0,5.0,1834.86181640625,14.03,18.538967341902396,2761360000.0,18.538967341902396,0.026544857560403666,0.0,post,6.149447368421053,0,0,0,0,0,1.8163622189875586
1998-06-30,6.1801,1998.0,6.0,1834.86181640625,11.84,18.538967341902396,2761360000.0,18.538967341902396,0.02750917507207462,0.0,post,6.1801,0,0,0,0,0,1.8213344525684583
1998-07-31,6.21641304347826,1998.0,7.0,1834.86181640625,12.63,18.538967341902392,2761360000.0,18.538967341902392,0.027974471541723233,0.0,post,6.21641304347826,0,0,0,0,0,1.8271930592937604
1998-08-31,6.751785714285714,1998.0,8.0,1834.86181640625,12.06,18.538967341902396,2761360000.0,18.538967341902396,1.164568719207762,0.0,post,6.751785714285714,1,0,0,0,0,1.9098070201617379
1998-09-30,14.408472727272727,1998.0,9.0,1834.86181640625,14.709999999999997,18.538967341902392,2761360000.0,18.538967341902392,4.3217101478151765,0.0,post,14.408472727272727,1,0,0,0,0,2.6678164173904366
1998-10-31,15.908821739130435,1998.0,10.0,1834.86181640625,12.0,18.538967341902392,2761360000.0,18.538967341902392,0.10315426070291339,0.0,post,15.908821739130435,1,0,0,0,0,2.766873781727353
1998-11-30,16.47421052631579,1998.0,11.0,1834.86181640625,9.91,18.538967341902396,2761360000.0,18.538967341902396,0.5965930818900663,0.0,post,16.47421052631579,1,0,0,0,0,2.8017961597451473
1998-12-31,19.99318181818182,1998.0,12.0,1834.86181640625,10.539999999999997,18.538967341902392,2761360000.0,18.538967341902392,0.6844221193276,0.0,post,19.99318181818182,1,0,0,0,0,2.995391306340368
1999-01-31,22.284736842105264,1999.0,1.0,1330.7572021484402,11.34,72.3866054661464,3256530000.0,72.3866054661464,0.5001626265527248,0.0,post,22.284736842105264,1,0,0,0,0,3.1039019975832383
1999-02-28,22.91,1999.0,2.0,1330.7572021484402,10.580000000000002,72.3866054661464,3256530000.0,72.3866054661464,0.058596956766357455,0.0,post,22.91,1,0,0,0,0,3.1315734964654043
1999-03-31,23.50047619047619,1999.0,3.0,1330.7572021484402,15.019999999999998,72.3866054661464,3256530000.0,72.3866054661464,0.26868725274276395,0.0,post,23.50047619047619,1,0,0,0,0,3.1570206843693316
1999-04-30,24.729090909090907,1999.0,4.0,1330.7572021484402,16.449999999999996,72.3866054661464,3256530000.0,72.3866054661464,0.011099944036276697,0.0,post,24.729090909090907,1,0,0,0,0,3.2079803202062367
1999-05-31,24.45888888888889,1999.0,5.0,1330.7572021484402,14.75,72.3866054661464,3256530000.0,72.3866054661464,0.05067470925570472,0.0,post,24.45888888888889,1,0,0,0,0,3.1969937035890204
1999-06-30,24.28857142857143,1999.0,6.0,1330.7572021484402,16.970000000000006,72.3866054661464,3256530000.0,72.3866054661464,-0.043041344702363225,0.0,post,24.28857142857143,1,0,0,0,0,3.1900059281338997
1999-07-31,24.303043478260882,1999.0,7.0,1330.7572021484405,19.970000000000006,72.3866054661464,3256530000.0,72.3866054661464,-0.005212199346255294,0.0,post,24.303043478260882,0,0,0,0,0,3.190601588522841
1999-08-31,24.71047619047619,1999.0,8.0,1330.7572021484402,21.079999999999995,72.3866054661464,3256530000.0,72.3866054661464,0.11189635893710143,0.0,post,24.71047619047619,0,0,0,0,0,3.2072272909793886
1999-09-30,25.45545454545455,1999.0,9.0,1330.7572021484402,22.980000000000004,72.3866054661464,3256530000.0,72.3866054661464,0.06256057984167457,0.0,post,25.45545454545455,0,0,0,0,0,3.2369300440188535
1999-10-31,25.726818181818178,1999.0,10.0,1330.7572021484402,21.110000000000003,72.3866054661464,3256530000.0,72.3866054661464,0.17397664076295222,0.0,post,25.726818181818178,0,0,0,0,0,3.247533956844266
1999-11-30,26.308,1999.0,11.0,1330.7572021484402,25.199999999999996,72.3866054661464,3256530000.0,72.3866054661464,0.07118305942660108,0.0,post,26.308,0,0,0,0,0,3.2698730754391048
1999-12-31,26.794761904761906,1999.0,12.0,1330.7572021484402,24.93,72.3866054661464,3256530000.0,72.3866054661464,0.10383849461672114,0.0,post,26.794761904761906,0,0,0,0,0,3.288206417098859
2000-01-31,28.253333333333337,2000.0,1.0,1771.5941162109402,27.08,37.69792821230969,2678030000.0,37.69792821230969,0.3140542810972708,0.0,post,28.253333333333337,0,0,0,0,0,3.341211444731989
2000-02-29,28.724285714285717,2000.0,2.0,1771.59411621094,29.01,37.697928212309684,2678030000.0,37.697928212309684,0.018551700976662942,0.0,post,28.724285714285717,0,0,0,0,0,3.357742957082243
2000-03-31,28.45772727272727,2000.0,3.0,1771.5941162109398,23.980000000000004,37.697928212309684,2678030000.0,37.697928212309684,-0.031704465030242164,0.0,post,28.45772727272727,0,0,0,0,0,3.348419732576533
2000-04-30,28.595238095238095,2000.0,4.0,1771.59411621094,23.790000000000003,37.697928212309684,2678030000.0,37.697928212309684,-0.009646581355869457,0.0,post,28.595238095238095,0,0,0,0,0,3.353240203796615
2000-05-31,28.306315789473683,2000.0,5.0,1771.5941162109402,29.639999999999997,37.69792821230969,2678030000.0,37.69792821230969,-0.027848066515356873,0.0,post,28.306315789473683,0,0,0,0,0,3.3430849525227746
2000-06-30,28.240952380952383,2000.0,6.0,1771.59411621094,31.58000000000001,37.697928212309684,2678030000.0,37.697928212309684,-0.030258352069437035,0.0,post,28.240952380952383,0,0,0,0,0,3.340773136594356
2000-07-31,27.845714285714287,2000.0,7.0,1771.59411621094,25.300000000000004,37.697928212309684,2678030000.0,37.697928212309684,-0.045924623379504995,0.0,post,27.845714285714287,0,0,0,0,0,3.3266790689199923
2000-08-31,27.737826086956527,2000.0,8.0,1771.5941162109398,35.08000000000001,37.697928212309684,2678030000.0,37.697928212309684,-0.007793842232627019,0.0,post,27.737826086956527,0,0,0,0,0,3.3227970443665007
2000-09-30,27.798636363636366,2000.0,9.0,1771.5941162109398,28.419999999999995,37.697928212309684,2678030000.0,37.697928212309684,8.765054258558729e-05,0.0,post,27.798636363636366,0,0,0,0,0,3.324986967825762
2000-10-31,27.870000000000005,2000.0,10.0,1771.59411621094,30.149999999999995,37.697928212309684,2678030000.0,37.697928212309684,0.013835163712493962,0.0,post,27.870000000000005,0,0,0,0,0,3.327550841493857
2000-11-30,27.80714285714286,2000.0,11.0,1771.59411621094,32.529999999999994,37.697928212309684,2678030000.0,37.697928212309684,0.003515491464069936,0.0,post,27.80714285714286,0,0,0,0,0,3.3252929250011514
2000-12-31,27.979523809523805,2000.0,12.0,1771.59411621094,22.579999999999995,37.697928212309684,2678030000.0,37.697928212309684,0.0527987470511394,0.0,post,27.979523809523805,0,0,0,0,0,3.3314729501333904
2001-01-31,28.367368421052632,2001.0,1.0,2100.3525390625,26.589999999999996,16.479619357003696,2847300000.0,16.479619357003696,0.03949364547867265,0.0,post,28.367368421052632,0,0,0,0,0,3.34523948530273
2001-02-28,28.594,2001.0,2.0,2100.3525390625,25.160000000000004,16.479619357003696,2847300000.0,16.479619357003696,0.06142326264082454,0.0,post,28.594,0,0,0,0,0,3.3531969056069726
2001-03-31,28.677727272727278,2001.0,3.0,2100.3525390625,23.5,16.479619357003696,2847300000.0,16.479619357003696,0.0032504618359145573,0.0,post,28.677727272727278,0,0,0,0,0,3.356120768265316
2001-04-30,28.850476190476197,2001.0,4.0,2100.3525390625,27.210000000000004,16.479619357003696,2847300000.0,16.479619357003696,0.014972086947278876,0.0,post,28.850476190476197,0,0,0,0,0,3.362126498553634
2001-05-31,29.027894736842104,2001.0,5.0,2100.3525390625,28.549999999999997,16.479619357003696,2847300000.0,16.479619357003696,0.04730640984938619,0.0,post,29.027894736842104,0,0,0,0,0,3.3682572551464696
2001-06-30,29.11476190476191,2001.0,6.0,2100.3525390625,26.209999999999997,16.479619357003696,2847300000.0,16.479619357003696,-0.003228381005432588,0.0,post,29.11476190476191,0,0,0,0,0,3.3712453275040364
2001-07-31,29.22285714285714,2001.0,7.0,2100.3525390625,24.350000000000005,16.479619357003696,2847300000.0,16.479619357003696,0.032703730663049706,0.0,post,29.22285714285714,0,0,0,0,0,3.3749511819276177
2001-08-31,29.343043478260874,2001.0,8.0,2100.3525390625,26.799999999999994,16.479619357003696,2847300000.0,16.479619357003696,0.014854173529088577,0.0,post,29.343043478260874,0,0,0,0,0,3.379055498700511
2001-09-30,29.429999999999993,2001.0,9.0,2100.3525390625,21.87,16.479619357003696,2847300000.0,16.479619357003696,0.0032636021817102267,0.0,post,29.429999999999993,0,0,0,0,0,3.382014562245381
2001-10-31,29.53818181818182,2001.0,10.0,2100.3525390625,19.63,16.479619357003696,2847300000.0,16.479619357003696,0.04773229985245935,0.0,post,29.53818181818182,0,0,0,0,0,3.3856837253843826
2001-11-30,29.797142857142852,2001.0,11.0,2100.3525390625,18.920000000000005,16.479619357003696,2847300000.0,16.479619357003696,0.032020349487810976,0.0,post,29.797142857142852,0,0,0,0,0,3.3944125116377535
2001-12-31,30.099999999999998,2001.0,12.0,2100.3525390625,19.350000000000005,16.479619357003696,2847300000.0,16.479619357003696,0.042356730996093016,0.0,post,30.099999999999998,0,0,0,0,0,3.40452517175483
2002-01-31,30.472715,2002.0,1.0,2377.5295410156305,19.07,15.6619063054593,3473830000.0,15.6619063054593,0.09020793204907174,0.0,post,30.472715,0,0,0,0,0,3.416831693064846
2002-02-28,30.8057,2002.0,2.0,2377.5295410156305,20.730000000000004,15.6619063054593,3473830000.0,15.6619063054593,0.04146439521099475,0.0,post,30.8057,0,0,0,0,0,3.427699737792191
2002-03-31,31.06426666666666,2002.0,3.0,2377.5295410156305,25.339999999999993,15.6619063054593,3473830000.0,15.6619063054593,0.029493654430660998,0.0,post,31.06426666666666,0,0,0,0,0,3.4360581768203677
2002-04-30,31.173586363636367,2002.0,4.0,2377.5295410156305,26.980000000000004,15.661906305459299,3473830000.0,15.661906305459299,0.011265634127798957,0.0,post,31.173586363636367,0,0,0,0,0,3.4395711453458784
2002-05-31,31.254884210526317,2002.0,5.0,2377.5295410156305,23.87,15.6619063054593,3473830000.0,15.6619063054593,0.018666226424623428,0.0,post,31.254884210526317,0,0,0,0,0,3.442175658706503
2002-06-30,31.404929999999997,2002.0,6.0,2377.5295410156305,25.329999999999995,15.6619063054593,3473830000.0,15.6619063054593,0.022322296046037304,0.0,post,31.404929999999997,0,0,0,0,0,3.4469648869594245
2002-07-31,31.514986363636368,2002.0,7.0,2377.5295410156305,26.279999999999994,15.661906305459299,3473830000.0,15.661906305459299,-0.0009744985830178516,0.0,post,31.514986363636368,0,0,0,0,0,3.450463190270592
2002-08-31,31.554308695652175,2002.0,8.0,2377.529541015631,27.55999999999999,15.661906305459299,3473830000.0,15.661906305459299,0.017577020392884505,0.0,post,31.554308695652175,0,0,0,0,0,3.451710146878369
2002-09-30,31.626655,2002.0,9.0,2377.5295410156305,29.110000000000003,15.6619063054593,3473830000.0,15.6619063054593,0.010844343347065077,0.0,post,31.626655,0,0,0,0,0,3.4540002776942225
2002-10-31,31.693326086956528,2002.0,10.0,2377.529541015631,25.51,15.661906305459299,3473830000.0,15.661906305459299,0.014425519184479502,0.0,post,31.693326086956528,0,0,0,0,0,3.456106125183445
2002-11-30,31.81074285714286,2002.0,11.0,2377.5295410156305,25.74,15.6619063054593,3473830000.0,15.6619063054593,0.015228024043869475,0.0,post,31.81074285714286,0,0,0,0,0,3.459804058432195
2002-12-31,31.836840000000002,2002.0,12.0,2377.5295410156305,30.119999999999997,15.6619063054593,3473830000.0,15.6619063054593,-0.009108809140771501,0.0,post,31.836840000000002,0,0,0,0,0,3.4606241098197934
2003-01-31,31.816164999999994,2003.0,1.0,2975.123046875,31.57000000000001,13.6571368113275,7928630000.0,13.6571368113275,0.005978599556969999,0.0,post,31.816164999999994,0,0,0,0,0,3.4599744939618438
2003-02-28,31.698978947368417,2003.0,2.0,2975.123046875,34.0,13.6571368113275,7928630000.0,13.6571368113275,-0.04078245012753001,0.0,post,31.698978947368417,0,0,0,0,0,3.456284470502291
2003-03-31,31.45329,2003.0,3.0,2975.123046875,28.05,13.6571368113275,7928630000.0,13.6571368113275,-0.03105150317641414,0.0,post,31.45329,0,0,0,0,0,3.4485035881679993
2003-04-30,31.211786363636364,2003.0,4.0,2975.123046875,23.60000000000001,13.657136811327502,7928630000.0,13.657136811327502,-0.04077239335512426,0.0,post,31.211786363636364,0,0,0,0,0,3.440795791544314
2003-05-31,30.907054999999996,2003.0,5.0,2975.123046875,26.579999999999995,13.6571368113275,7928630000.0,13.6571368113275,-0.06313375169460012,0.0,post,30.907054999999996,0,0,0,0,0,3.430984474995409
2003-06-30,30.468626315789475,2003.0,6.0,2975.123046875,28.880000000000003,13.6571368113275,7928630000.0,13.6571368113275,-0.06197988851977327,0.0,post,30.468626315789475,0,0,0,0,0,3.416697508810664
2003-07-31,30.36028695652174,2003.0,7.0,2975.123046875,28.67999999999999,13.657136811327504,7928630000.0,13.657136811327504,-0.012599015273226256,0.0,post,30.36028695652174,0,0,0,0,0,3.4131354042786026
2003-08-31,30.34902727272727,2003.0,8.0,2975.123046875,30.38,13.657136811327502,7928630000.0,13.657136811327502,0.03658937148575428,0.0,post,30.34902727272727,0,0,0,0,0,3.4127644666698838
2003-09-30,30.598633333333336,2003.0,9.0,2975.123046875,28.09,13.657136811327502,7928630000.0,13.657136811327502,0.01699066806915112,0.0,post,30.598633333333336,0,0,0,0,0,3.4209553456515764
2003-10-31,30.164713043478258,2003.0,10.0,2975.123046875,27.88,13.657136811327504,7928630000.0,13.657136811327504,-0.10788856916437838,0.0,post,30.164713043478258,0,0,0,0,0,3.4066727989510164
2003-11-30,29.807965000000003,2003.0,11.0,2975.123046875,28.950000000000006,13.6571368113275,7928630000.0,13.6571368113275,-0.02001326214896515,0.0,post,29.807965000000003,0,0,0,0,0,3.3947756396771154
2003-12-31,29.4337,2003.0,12.0,2975.123046875,30.299999999999994,13.657136811327502,7928630000.0,13.657136811327502,-0.04551657313975623,0.0,post,29.4337,0,0,0,0,0,3.3821402763953543
2004-01-31,28.838794999999994,2004.0,1.0,4102.36474609375,29.529999999999994,20.255149577511098,15402990000.0,20.255149577511098,-0.16541722402822479,0.0,post,28.838794999999994,0,0,0,0,0,3.3617215292969664
2004-02-29,28.51467368421052,2004.0,2.0,4102.36474609375,32.940000000000005,20.255149577511098,15402990000.0,20.255149577511098,0.004158120941998826,0.0,post,28.51467368421052,0,0,0,0,0,3.3504188208891748
2004-03-31,28.52926190476191,2004.0,3.0,4102.36474609375,32.28999999999999,20.255149577511094,15402990000.0,20.255149577511094,-0.004967968528419007,0.0,post,28.52926190476191,0,0,0,0,0,3.3509302940446926
2004-04-30,28.68563181818182,2004.0,4.0,4102.36474609375,35.230000000000004,20.255149577511094,15402990000.0,20.255149577511094,0.063267678199578,0.0,post,28.68563181818182,0,0,0,0,0,3.356396363893949
2004-05-31,28.989216666666664,2004.0,5.0,4102.36474609375,37.0,20.255149577511098,15402990000.0,20.255149577511098,0.019597066871977303,0.0,post,28.989216666666664,0,0,0,0,0,3.366923921756721
2004-06-30,29.02972380952381,2004.0,6.0,4102.36474609375,33.220000000000006,20.255149577511094,15402990000.0,20.255149577511094,0.0069771084136929125,0.0,post,29.02972380952381,0,0,0,0,0,3.368320264023792
2004-07-31,29.081926086956525,2004.0,7.0,4102.36474609375,41.470000000000006,20.255149577511094,15402990000.0,20.255149577511094,0.011157686464779026,0.0,post,29.081926086956525,0,0,0,0,0,3.3701168845488483
2004-08-31,29.21928571428571,2004.0,8.0,4102.36474609375,39.79999999999999,20.255149577511094,15402990000.0,20.255149577511094,0.02333738074031969,0.0,post,29.21928571428571,0,0,0,0,0,3.3748289609274535
2004-09-30,29.22208181818182,2004.0,9.0,4102.36474609375,47.76,20.255149577511094,15402990000.0,20.255149577511094,-0.004289038870091234,0.0,post,29.22208181818182,0,0,0,0,0,3.374924650129
2004-10-31,29.070299999999996,2004.0,10.0,4102.36474609375,48.15999999999999,20.255149577511094,15402990000.0,20.255149577511094,-0.07067209606137745,0.0,post,29.070299999999996,0,0,0,0,0,3.369717034434975
2004-11-30,28.591185000000003,2004.0,11.0,4102.36474609375,44.230000000000004,20.255149577511098,15402990000.0,20.255149577511098,-0.09260556432787892,0.0,post,28.591185000000003,0,0,0,0,0,3.3530984535340354
2004-12-31,27.904027272727266,2004.0,12.0,4102.36474609375,40.38,20.255149577511094,15402990000.0,20.255149577511094,-0.07895896159079809,0.0,post,27.904027272727266,0,0,0,0,0,3.328771025103072
2005-01-31,28.009086666666665,2005.0,1.0,5323.455078125,44.51,19.279432134411003,15508050000.0,19.279432134411003,0.08074957974545456,0.0,post,28.009086666666665,0,0,0,0,0,3.3325289813382657
2005-02-28,27.995394736842105,2005.0,2.0,5323.455078125,50.13,19.279432134411003,15508050000.0,19.279432134411003,-0.058282631136141155,0.0,post,27.995394736842105,0,0,0,0,0,3.3320400229637137
2005-03-31,27.626422727272725,2005.0,3.0,5323.455078125,53.220000000000006,19.279432134411007,15508050000.0,19.279432134411007,0.008650961403929645,0.0,post,27.626422727272725,0,0,0,0,0,3.3187726599514997
2005-04-30,27.810354545454548,2005.0,4.0,5323.455078125,50.60999999999999,19.279432134411007,15508050000.0,19.279432134411007,-0.008521649885253916,0.0,post,27.810354545454548,0,0,0,0,0,3.325408417012308
2005-05-31,27.95137777777778,2005.0,5.0,5323.455078125,49.29999999999999,19.279432134411003,15508050000.0,19.279432134411003,0.06363584675125754,0.0,post,27.95137777777778,0,0,0,0,0,3.3304664927610563
2005-06-30,28.497866666666667,2005.0,6.0,5323.455078125,55.359999999999985,19.279432134411007,15508050000.0,19.279432134411007,0.09762159326351304,0.0,post,28.497866666666667,0,0,0,0,0,3.34982923067175
2005-07-31,28.69443181818182,2005.0,7.0,5323.455078125,59.77,19.279432134411007,15508050000.0,19.279432134411007,-0.005766847522470869,0.0,post,28.69443181818182,0,0,0,0,0,3.3567030906387902
2005-08-31,28.479809090909086,2005.0,8.0,5323.455078125,66.79999999999998,19.279432134411007,15508050000.0,19.279432134411007,-0.01393896890389167,0.0,post,28.479809090909086,0,0,0,0,0,3.3491953832526664
2005-09-30,28.380013636363643,2005.0,9.0,5323.455078125,61.70000000000002,19.279432134411007,15508050000.0,19.279432134411007,-0.0070025816918228845,0.0,post,28.380013636363643,0,0,0,0,0,3.345685152223805
2005-10-31,28.563133333333333,2005.0,10.0,5323.455078125,58.470000000000006,19.279432134411007,15508050000.0,19.279432134411007,-0.012223935612298842,0.0,post,28.563133333333333,0,0,0,0,0,3.3521168420045084
2005-11-30,28.762576190476196,2005.0,11.0,5323.455078125,53.25,19.279432134411007,15508050000.0,19.279432134411007,0.05145024989710087,0.0,post,28.762576190476196,0,0,0,0,0,3.3590751043097775
2005-12-31,28.804599999999997,2005.0,12.0,5323.455078125,58.33999999999999,19.279432134411007,15508050000.0,19.279432134411007,0.0080126406745354,0.0,post,28.804599999999997,0,0,0,0,0,3.3605350966098864
2006-01-31,28.228133333333336,2006.0,1.0,6920.19970703125,63.190000000000026,15.120406631676394,37594770000.0,15.120406631676394,-0.15421280979326824,0.0,post,28.228133333333336,0,0,0,0,0,3.3403191165698733
2006-02-28,28.194605263157893,2006.0,2.0,6920.19970703125,59.779999999999994,15.120406631676403,37594770000.0,15.120406631676403,0.0003852403304021853,0.0,post,28.194605263157893,0,0,0,0,0,3.33913065691847
2006-03-31,27.87377272727273,2006.0,3.0,6920.19970703125,66.05999999999999,15.120406631676405,37594770000.0,15.120406631676405,-0.058248230603187186,0.0,post,27.87377272727273,0,0,0,0,0,3.3276862010898767
2006-04-30,27.564476190476192,2006.0,4.0,6920.19970703125,72.15000000000002,15.120406631676403,37594770000.0,15.120406631676403,-0.08428229136276097,0.0,post,27.564476190476192,0,0,0,0,0,3.3165278491575267
2006-05-31,27.052745000000005,2006.0,5.0,6920.19970703125,67.56999999999998,15.120406631676403,37594770000.0,15.120406631676403,-0.05308101555151212,0.0,post,27.052745000000005,0,0,0,0,0,3.2977884788869396
2006-06-30,26.98344761904762,2006.0,6.0,6920.19970703125,73.20000000000002,15.120406631676403,37594770000.0,15.120406631676403,0.01716424370062496,0.0,post,26.98344761904762,0,0,0,0,0,3.295223626865254
2006-07-31,26.91582380952381,2006.0,7.0,6920.19970703125,74.75,15.120406631676403,37594770000.0,15.120406631676403,-0.036265314304393496,0.0,post,26.91582380952381,0,0,0,0,0,3.2927143593663133
2006-08-31,26.76192173913043,2006.0,8.0,6920.19970703125,67.66000000000003,15.120406631676405,37594770000.0,15.120406631676405,-0.021557121886805548,0.0,post,26.76192173913043,0,0,0,0,0,3.2869800465503856
2006-09-30,26.746340909090915,2006.0,9.0,6920.19970703125,59.08999999999999,15.120406631676405,37594770000.0,15.120406631676405,0.007279114066652018,0.0,post,26.746340909090915,0,0,0,0,0,3.2863976755404236
2006-10-31,26.867204761904766,2006.0,10.0,6920.19970703125,56.13000000000001,15.120406631676403,37594770000.0,15.120406631676403,-0.005598446386197627,0.0,post,26.867204761904766,0,0,0,0,0,3.290906389002646
2006-11-30,26.617409523809524,2006.0,11.0,6920.19970703125,64.35999999999997,15.120406631676403,37594770000.0,15.120406631676403,-0.07755720047924385,0.0,post,26.617409523809524,0,0,0,0,0,3.2815654950765687
2006-12-31,26.28815454545455,2006.0,12.0,6920.19970703125,58.96000000000001,15.120406631676405,37594770000.0,15.120406631676405,0.002971566951591327,0.0,post,26.28815454545455,0,0,0,0,0,3.26911844021306
2007-01-31,26.52904375,2007.0,1.0,9101.2392578125,56.52,13.8412392398238,55873680000.0,13.8412392398238,0.04788989681900058,0.0,post,26.52904375,0,0,0,0,0,3.2782401233990264
2007-02-28,26.343289473684212,2007.0,2.0,9101.2392578125,59.39000000000001,13.8412392398238,55873680000.0,13.8412392398238,-0.07438612363076583,0.0,post,26.343289473684212,0,0,0,0,0,3.271213573623342
2007-03-31,26.10559545454545,2007.0,3.0,9101.2392578125,68.47000000000001,13.841239239823796,55873680000.0,13.841239239823796,-0.025793018257193448,0.0,post,26.10559545454545,0,0,0,0,0,3.2621496765830442
2007-04-30,25.83835714285714,2007.0,4.0,9101.2392578125,67.23,13.841239239823798,55873680000.0,13.841239239823798,-0.0599619541038921,0.0,post,25.83835714285714,0,0,0,0,0,3.2518600988304263
2007-05-31,25.82405,2007.0,5.0,9101.2392578125,68.18000000000002,13.841239239823798,55873680000.0,13.841239239823798,0.04238342465934408,0.0,post,25.82405,0,0,0,0,0,3.2513062282690592
2007-06-30,25.909299999999998,2007.0,6.0,9101.2392578125,72.22,13.841239239823798,55873680000.0,13.841239239823798,-0.015823648345194986,0.0,post,25.909299999999998,0,0,0,0,0,3.254601977613155
2007-07-31,25.540752380952384,2007.0,7.0,9101.2392578125,77.01,13.841239239823798,55873680000.0,13.841239239823798,-0.0398646179022162,0.0,post,25.540752380952384,0,0,0,0,0,3.240275309095796
2007-08-31,25.62369130434783,2007.0,8.0,9101.2392578125,72.28999999999999,13.841239239823796,55873680000.0,13.841239239823796,0.008922566216258034,0.0,post,25.62369130434783,0,0,0,0,0,3.243517365104561
2007-09-30,25.334071428571427,2007.0,9.0,9101.2392578125,80.97,13.841239239823798,55873680000.0,13.841239239823798,-0.13147476057710414,0.0,post,25.334071428571427,0,0,0,0,0,3.2321501865321416
2007-10-31,24.89621363636364,2007.0,10.0,9101.2392578125,89.86999999999998,13.841239239823796,55873680000.0,13.841239239823796,-0.041032386722310174,0.0,post,24.89621363636364,0,0,0,0,0,3.2147157291113015
2007-11-30,24.465095238095234,2007.0,11.0,9101.2392578125,88.71000000000001,13.841239239823798,55873680000.0,13.841239239823798,-0.07223113986490734,0.0,post,24.465095238095234,0,0,0,0,0,3.197247417563889
2007-12-31,24.574886363636367,2007.0,12.0,9101.2392578125,93.68000000000002,13.841239239823796,55873680000.0,13.841239239823796,0.0367218735747092,0.0,post,24.574886363636367,0,0,0,0,0,3.201725041958912
2008-01-31,24.5000625,2008.0,1.0,11635.2841796875,91.58,18.0135183350842,74782910000.0,18.0135183350842,-0.016319455652401282,0.0,post,24.5000625,0,0,0,0,0,3.1986756685678355
2008-02-29,24.52733,2008.0,2.0,11635.2841796875,100.90000000000002,18.0135183350842,74782910000.0,18.0135183350842,-0.07357485429526578,0.0,post,24.52733,0,0,0,0,0,3.1997880060355683
2008-03-31,23.76038,2008.0,3.0,11635.2841796875,102.32999999999998,18.0135183350842,74782910000.0,18.0135183350842,-0.12537431664736698,0.0,post,23.76038,0,0,0,0,0,3.1680194876325465
2008-04-30,23.512913636363635,2008.0,4.0,11635.2841796875,111.11999999999998,18.0135183350842,74782910000.0,18.0135183350842,0.02574374589958633,0.0,post,23.512913636363635,0,0,0,0,0,3.157549786662249
2008-05-31,23.719609523809524,2008.0,5.0,11635.2841796875,127.84999999999998,18.0135183350842,74782910000.0,18.0135183350842,0.018839239947181296,0.0,post,23.719609523809524,0,0,0,0,0,3.1663021120972945
2008-06-30,23.64323684210526,2008.0,6.0,11635.2841796875,138.4,18.0135183350842,74782910000.0,18.0135183350842,-0.062187486149108205,0.0,post,23.64323684210526,0,0,0,0,0,3.163077105419777
2008-07-31,23.347895652173914,2008.0,7.0,11635.2841796875,124.09999999999997,18.0135183350842,74782910000.0,18.0135183350842,-0.0016921257927983977,0.0,post,23.347895652173914,0,0,0,0,0,3.150506858091105
2008-08-31,24.153336363636367,2008.0,8.0,11635.2841796875,113.48999999999997,18.0135183350842,74782910000.0,18.0135183350842,0.21745296028524458,0.0,post,24.153336363636367,0,0,0,0,0,3.184422522259883
2008-09-30,25.26993333333333,2008.0,9.0,11635.2841796875,93.52,18.0135183350842,74782910000.0,18.0135183350842,0.13076992268708218,0.0,post,25.26993333333333,0,1,0,0,0,3.2296152832222393
2008-10-31,26.35637826086956,2008.0,10.0,11635.2841796875,60.0,18.0135183350842,74782910000.0,18.0135183350842,0.22138749889026,0.0,post,26.35637826086956,0,1,0,0,0,3.2717103049317977
2008-11-30,27.3337,2008.0,11.0,11635.2841796875,47.720000000000006,18.0135183350842,74782910000.0,18.0135183350842,0.19906517757078193,0.0,post,27.3337,0,1,0,0,0,3.3081203731403144
2008-12-31,28.15127272727273,2008.0,12.0,11635.2841796875,35.820000000000014,18.0135183350842,74782910000.0,18.0135183350842,0.28551235720636187,0.0,post,28.15127272727273,0,1,0,0,0,3.3375925659001617
2009-01-31,32.49225294117647,2009.0,1.0,8562.82421875,44.17,1.9706126030591202,36583100000.0,1.9706126030591202,1.1156170636433915,0.0,post,32.49225294117647,0,1,0,0,0,3.4810016898800757
2009-02-28,35.814394736842104,2009.0,2.0,8562.82421875,44.40999999999999,1.9706126030591207,36583100000.0,1.9706126030591207,0.05261294667696823,0.0,post,35.814394736842104,0,1,0,0,0,3.5783499002123773
2009-03-31,34.65768500000001,2009.0,3.0,8562.82421875,46.13,1.9706126030591207,36583100000.0,1.9706126030591207,-0.24053047357690427,0.0,post,34.65768500000001,0,1,0,0,0,3.545519490366086
2009-04-30,33.58326363636365,2009.0,4.0,8562.82421875,50.29999999999998,1.970612603059121,36583100000.0,1.970612603059121,-0.10090825765013714,0.0,post,33.58326363636365,0,1,0,0,0,3.5140278368125184
2009-05-31,31.994804999999996,2009.0,5.0,8562.82421875,64.98,1.9706126030591207,36583100000.0,1.9706126030591207,-0.3505108907127158,0.0,post,31.994804999999996,0,1,0,0,0,3.4655735458705537
2009-06-30,31.058,2009.0,6.0,8562.82421875,68.10999999999999,1.9706126030591207,36583100000.0,1.9706126030591207,0.051869536079012235,0.0,post,31.058,0,1,0,0,0,3.4358564241469973
2009-07-31,31.50815217391304,2009.0,7.0,8562.82421875,70.07999999999997,1.9706126030591211,36583100000.0,1.9706126030591211,0.07071542153857596,0.0,post,31.50815217391304,0,1,0,0,0,3.450246311520701
2009-08-31,31.649661904761903,2009.0,8.0,8562.82421875,69.02,1.970612603059121,36583100000.0,1.970612603059121,-0.021428041351520148,0.0,post,31.649661904761903,0,1,0,0,0,3.4547274662191287
2009-09-30,30.85668636363637,2009.0,9.0,8562.82421875,65.81999999999998,1.970612603059121,36583100000.0,1.970612603059121,-0.21609148186167637,0.0,post,30.85668636363637,0,1,0,0,0,3.429353464748379
2009-10-31,29.463986956521744,2009.0,10.0,8562.82421875,74.91000000000003,1.9706126030591211,36583100000.0,1.9706126030591211,-0.1526206882848508,0.0,post,29.463986956521744,0,1,0,0,0,3.3831687364506267
2009-11-30,28.903489473684214,2009.0,11.0,8562.82421875,77.77,1.9706126030591207,36583100000.0,1.9706126030591207,0.14082727822870042,0.0,post,28.903489473684214,0,1,0,0,0,3.363962330863589
2009-12-31,29.958934782608697,2009.0,12.0,8562.82421875,77.91000000000003,1.9706126030591211,36583100000.0,1.9706126030591211,0.06836005538467142,0.0,post,29.958934782608697,0,1,0,0,0,3.399827603364357
2010-01-31,29.838731250000002,2010.0,1.0,10674.990234375,71.2,14.1911095688207,43167780000.0,14.1911095688207,0.04178674728672893,0.0,post,29.838731250000002,0,0,0,0,0,3.3958072559999906
2010-02-28,30.157968421052637,2010.0,2.0,10674.990234375,76.35999999999999,14.191109568820702,43167780000.0,14.191109568820702,-0.0827164168318038,0.0,post,30.157968421052637,0,0,0,0,0,3.406449180826292
2010-03-31,29.559395238095238,2010.0,3.0,10674.990234375,80.36999999999998,14.191109568820702,43167780000.0,14.191109568820702,-0.09302516171026372,0.0,post,29.559395238095238,0,0,0,0,0,3.386401637078269
2010-04-30,29.193236363636366,2010.0,4.0,10674.990234375,86.19000000000001,14.191109568820702,43167780000.0,14.191109568820702,-0.010414884247055884,0.0,post,29.193236363636366,0,0,0,0,0,3.373937051061228
2010-05-31,30.43492105263158,2010.0,5.0,10674.990234375,73.0,14.191109568820702,43167780000.0,14.191109568820702,0.21955465955691275,0.0,post,30.43492105263158,0,0,0,0,0,3.4155906679760895
2010-06-30,31.17433809523809,2010.0,6.0,10674.990234375,74.94000000000001,14.191109568820702,43167780000.0,14.191109568820702,0.11094886772013132,0.0,post,31.17433809523809,0,0,0,0,0,3.4395952594317376
2010-07-31,30.679113043478264,2010.0,7.0,10674.990234375,77.5,14.191109568820702,43167780000.0,14.191109568820702,-0.14218613809555788,0.0,post,30.679113043478264,0,0,0,0,0,3.4235820661554146
2010-08-31,30.351004761904765,2010.0,8.0,10674.990234375,75.51,14.191109568820702,43167780000.0,14.191109568820702,0.07548224026425479,0.0,post,30.351004761904765,0,0,0,0,0,3.412829622786344
2010-09-30,30.811859090909095,2010.0,9.0,10674.990234375,80.77,14.191109568820702,43167780000.0,14.191109568820702,-0.03781090390079133,0.0,post,30.811859090909095,0,0,0,0,0,3.4278996512915403
2010-10-31,30.32283636363637,2010.0,10.0,10674.990234375,82.47000000000001,14.191109568820702,43167780000.0,14.191109568820702,0.05913575318071886,0.0,post,30.32283636363637,0,0,0,0,0,3.4119011040122027
2010-11-30,30.986639999999994,2010.0,11.0,10674.990234375,86.02,14.191109568820702,43167780000.0,14.191109568820702,0.08552233509179052,0.0,post,30.986639999999994,0,0,0,0,0,3.433556143849923
2010-12-31,30.85773043478261,2010.0,12.0,10674.990234375,93.23,14.191109568820702,43167780000.0,14.191109568820702,-0.11612790073922154,0.0,post,30.85773043478261,0,0,0,0,0,3.4293873003155126
2011-01-31,29.991920000000004,2011.0,1.0,14305.33203125,98.97000000000001,24.460086062189802,55083630000.0,24.460086062189802,-0.1779553929826072,0.0,post,29.991920000000004,0,0,0,0,0,3.400928012052086
2011-02-28,29.321147368421055,2011.0,2.0,14305.33203125,112.27000000000001,24.460086062189802,55083630000.0,24.460086062189802,-0.1300631973549337,0.0,post,29.321147368421055,0,0,0,0,0,3.3783090088728804
2011-03-31,28.463686363636363,2011.0,3.0,14305.33203125,116.94000000000001,24.460086062189802,55083630000.0,24.460086062189802,-0.07971831699604692,0.0,post,28.463686363636363,0,0,0,0,0,3.3486291121597223
2011-04-30,28.084022727272725,2011.0,4.0,14305.33203125,126.59000000000005,24.460086062189802,55083630000.0,24.460086062189802,-0.14946217347454807,0.0,post,28.084022727272725,0,0,0,0,0,3.335200828415205
2011-05-31,27.934284210526314,2011.0,5.0,14305.33203125,117.18,24.460086062189802,55083630000.0,24.460086062189802,0.10988401374551744,0.0,post,27.934284210526314,0,0,0,0,0,3.329854759190177
2011-06-30,27.98714761904762,2011.0,6.0,14305.33203125,111.71,24.4600860621898,55083630000.0,24.4600860621898,0.002198868071586387,0.0,post,27.98714761904762,0,0,0,0,0,3.3317453911907684
2011-07-31,27.91225454545455,2011.0,7.0,14305.33203125,115.92999999999998,24.460086062189802,55083630000.0,24.460086062189802,-0.06343224294726951,0.0,post,27.91225454545455,0,0,0,0,0,3.329065823413489
2011-08-31,28.746490909090912,2011.0,8.0,14305.33203125,116.48,24.460086062189802,55083630000.0,24.460086062189802,0.1945765002544544,0.0,post,28.746490909090912,0,0,0,0,0,3.3585157044580325
2011-09-30,30.571731818181817,2011.0,9.0,14305.33203125,105.42000000000002,24.460086062189802,55083630000.0,24.460086062189802,0.45654206069152276,0.0,post,30.571731818181817,0,0,0,0,0,3.4200757852036636
2011-10-31,31.388166666666674,2011.0,10.0,14305.33203125,108.42999999999999,24.4600860621898,55083630000.0,24.4600860621898,-0.30060914303039477,0.0,post,31.388166666666674,0,0,0,0,0,3.4464309641360114
2011-11-30,30.822985714285714,2011.0,11.0,14305.33203125,111.21999999999997,24.4600860621898,55083630000.0,24.4600860621898,0.225780057517103,0.0,post,30.822985714285714,0,0,0,0,0,3.4282607010689072
2011-12-31,31.49111739130435,2011.0,12.0,14305.33203125,108.09000000000003,24.460086062189802,55083630000.0,24.460086062189802,0.12278189221635714,0.0,post,31.49111739130435,0,0,0,0,0,3.449705518487975
2012-01-31,31.238299999999995,2012.0,1.0,15401.8515625,110.26,8.907868420878343,50587560000.0,8.907868420878343,-0.38768959572505807,0.0,post,31.238299999999995,0,0,0,0,0,3.4416449060772316
2012-02-29,29.885460000000002,2012.0,2.0,15401.8515625,122.22999999999999,8.90786842087834,50587560000.0,8.90786842087834,-0.23640564948029077,0.0,post,29.885460000000002,0,0,0,0,0,3.3973720744950495
2012-03-31,29.331863636363643,2012.0,3.0,15401.8515625,123.40999999999995,8.907868420878343,50587560000.0,8.907868420878343,0.060216579348506855,0.0,post,29.331863636363643,0,0,0,0,0,3.3786744212490993
2012-04-30,29.490885714285717,2012.0,4.0,15401.8515625,118.65999999999998,8.90786842087834,50587560000.0,8.90786842087834,0.0064638756863381955,0.0,post,29.490885714285717,0,0,0,0,0,3.3840812567703873
2012-05-31,30.804370000000006,2012.0,5.0,15401.8515625,103.85999999999999,8.90786842087834,50587560000.0,8.90786842087834,0.5034254325574894,0.0,post,30.804370000000006,0,0,0,0,0,3.4276565630319547
2012-06-30,32.878366666666665,2012.0,6.0,15401.8515625,94.17000000000002,8.90786842087834,50587560000.0,8.90786842087834,0.06131979083925057,0.0,post,32.878366666666665,0,0,0,0,0,3.4928148933661096
2012-07-31,32.52510476190476,2012.0,7.0,15401.8515625,105.93,8.90786842087834,50587560000.0,8.90786842087834,-0.08938276262384108,0.0,post,32.52510476190476,0,0,0,0,0,3.482012245358939
2012-08-31,31.956795652173913,2012.0,8.0,15401.8515625,113.92999999999998,8.907868420878343,50587560000.0,8.907868420878343,0.01603225548925934,0.0,post,31.956795652173913,0,0,0,0,0,3.464384854675524
2012-09-30,31.51765714285714,2012.0,9.0,15401.8515625,111.36,8.90786842087834,50587560000.0,8.90786842087834,-0.20320707167914934,0.0,post,31.51765714285714,0,0,0,0,0,3.4505479330030493
2012-10-31,31.115650000000006,2012.0,10.0,15401.8515625,109.89,8.907868420878343,50587560000.0,8.907868420878343,0.08959517506887495,0.0,post,31.115650000000006,0,0,0,0,0,3.4377109080488455
2012-11-30,31.39876666666667,2012.0,11.0,15401.8515625,110.84000000000002,8.90786842087834,50587560000.0,8.90786842087834,-0.0704588340690844,0.0,post,31.39876666666667,0,0,0,0,0,3.446768614011167
2012-12-31,30.737259090909095,2012.0,12.0,15401.8515625,110.80000000000001,8.907868420878343,50587560000.0,8.907868420878343,-0.10033554444626876,0.0,post,30.737259090909095,0,0,0,0,0,3.4254755698835884
2013-01-31,30.227143750000003,2013.0,1.0,15941.4482421875,115.55,5.32013887237915,69218890000.0,5.32013887237915,-0.07104442268924052,0.0,post,30.227143750000003,0,0,0,0,0,3.408740320371142
2013-02-28,30.163069999999998,2013.0,2.0,15941.4482421875,112.2,5.320138872379149,69218890000.0,5.320138872379149,0.09831285540506052,0.0,post,30.163069999999998,0,0,0,0,0,3.4066183284103873
2013-03-31,30.800290476190476,2013.0,3.0,15941.4482421875,108.46,5.320138872379149,69218890000.0,5.320138872379149,0.07202511235649438,0.0,post,30.800290476190476,0,0,0,0,0,3.427524120980202
2013-04-30,31.350214285714287,2013.0,4.0,15941.4482421875,101.53,5.320138872379149,69218890000.0,5.320138872379149,0.02884904026941542,0.0,post,31.350214285714287,0,0,0,0,0,3.445221102325563
2013-05-31,31.305883333333334,2013.0,5.0,15941.4482421875,100.43,5.32013887237915,69218890000.0,5.32013887237915,0.05983519199241462,0.0,post,31.305883333333334,0,0,0,0,0,3.44380604580392
2013-06-30,32.30679500000001,2013.0,6.0,15941.4482421875,102.48999999999998,5.320138872379149,69218890000.0,5.320138872379149,0.17680977700016592,0.0,post,32.30679500000001,0,0,0,0,0,3.4752775796206543
2013-07-31,32.74075,2013.0,7.0,15941.4482421875,107.89,5.320138872379149,69218890000.0,5.320138872379149,0.026027840894648543,0.0,post,32.74075,0,0,0,0,0,3.4886204794387043
2013-08-31,33.02487391304348,2013.0,8.0,15941.4482421875,115.96999999999996,5.320138872379149,69218890000.0,5.320138872379149,0.04754296369670691,0.0,post,33.02487391304348,0,0,0,0,0,3.4972610324766036
2013-09-30,32.60167,2013.0,9.0,15941.4482421875,107.84999999999998,5.320138872379149,69218890000.0,5.320138872379149,-0.13515157049959706,0.0,post,32.60167,0,0,0,0,0,3.4843635140544693
2013-10-31,32.09922608695652,2013.0,10.0,15941.4482421875,107.53000000000002,5.320138872379149,69218890000.0,5.320138872379149,-0.03761633251372209,0.0,post,32.09922608695652,0,0,0,0,0,3.468831920404726
2013-11-30,32.693999999999996,2013.0,11.0,15941.4482421875,111.07000000000001,5.320138872379149,69218890000.0,5.320138872379149,0.16574452179033206,0.0,post,32.693999999999996,0,0,0,0,0,3.487191574829016
2013-12-31,32.88070476190477,2013.0,12.0,15941.4482421875,109.94999999999999,5.320138872379149,69218890000.0,5.320138872379149,-0.06629775630000656,0.0,post,32.88070476190477,0,0,0,0,0,3.4928860043227665
2014-01-31,33.78435294117646,2014.0,1.0,14055.47265625,108.16,7.49007111696609,22031340000.0,7.49007111696609,0.4384394378157192,0.0,post,33.78435294117646,0,0,0,0,0,3.5199977645690352
2014-02-28,35.244040000000005,2014.0,2.0,14055.47265625,108.97999999999999,7.490071116966088,22031340000.0,7.490071116966088,0.11479273010443658,0.0,post,35.244040000000005,0,0,0,0,0,3.5622964369487944
2014-03-31,36.198565,2014.0,3.0,14055.47265625,105.95,7.490071116966088,22031340000.0,7.490071116966088,-0.04913747921911904,0.0,post,36.198565,0,0,1,0,0,3.5890194771620267
2014-04-30,35.66772727272728,2014.0,4.0,14055.47265625,108.63000000000002,7.490071116966087,22031340000.0,7.490071116966087,0.003348143901518971,0.0,post,35.66772727272728,0,0,1,0,0,3.574246281970194
2014-05-31,34.83365500000001,2014.0,5.0,14055.47265625,109.21,7.490071116966088,22031340000.0,7.490071116966088,-0.13527592764735422,0.0,post,34.83365500000001,0,0,1,0,0,3.55058401714388
2014-06-30,34.449533333333335,2014.0,6.0,14055.47265625,111.03,7.490071116966089,22031340000.0,7.490071116966089,-0.17759126341327555,0.0,post,34.449533333333335,0,0,1,0,0,3.5394954511656915
2014-07-31,34.635408695652174,2014.0,7.0,14055.47265625,104.94000000000001,7.490071116966087,22031340000.0,7.490071116966087,0.2651274573222301,0.0,post,34.635408695652174,0,0,1,0,0,3.544876531481523
2014-08-31,36.09842727272727,2014.0,8.0,14055.47265625,101.11999999999998,7.490071116966087,22031340000.0,7.490071116966087,0.15267205329523456,0.0,post,36.09842727272727,0,0,1,0,0,3.586249298537386
2014-09-30,37.90178095238095,2014.0,9.0,14055.47265625,94.67000000000002,7.490071116966088,22031340000.0,7.490071116966088,0.30986071227145706,0.0,post,37.90178095238095,0,0,1,0,0,3.63499810181234
2014-10-31,40.79868695652175,2014.0,10.0,14055.47265625,84.17000000000003,7.490071116966087,22031340000.0,7.490071116966087,0.423834984800956,0.0,post,40.79868695652175,0,0,1,0,0,3.7086498984540577
2014-11-30,46.217484210526315,2014.0,11.0,14055.47265625,71.89000000000001,7.490071116966089,22031340000.0,7.490071116966089,0.7122982607401958,0.0,post,46.217484210526315,0,0,1,0,0,3.8333581726103123
2014-12-31,55.77043636363637,2014.0,12.0,14055.47265625,55.27,7.490071116966087,22031340000.0,7.490071116966087,0.7247573548092378,0.0,post,55.77043636363637,0,0,1,0,0,4.021243914714341
2015-01-31,65.1530875,2015.0,1.0,9277.7138671875,47.52,7.24973590678889,6852970000.0,7.24973590678889,1.3266456557104296,0.0,post,65.1530875,0,0,1,0,0,4.1767396930849445
2015-02-28,64.51817368421052,2015.0,2.0,9277.7138671875,61.890000000000015,7.24973590678889,6852970000.0,7.24973590678889,-0.5942244410201045,0.0,post,64.51817368421052,0,0,1,0,0,4.166946946660015
2015-03-31,60.363090000000014,2015.0,3.0,9277.7138671875,53.69000000000001,7.24973590678889,6852970000.0,7.24973590678889,-0.2198052723803134,0.0,post,60.363090000000014,0,0,1,0,0,4.100377825432282
2015-04-30,53.21869545454546,2015.0,4.0,9277.7138671875,63.90000000000002,7.249735906788889,6852970000.0,7.249735906788889,-0.5326199704905226,0.0,post,53.21869545454546,0,0,1,0,0,3.9744097529331675
2015-05-31,50.46795789473684,2015.0,5.0,9277.7138671875,63.16000000000001,7.24973590678889,6852970000.0,7.24973590678889,0.13796581660785748,0.0,post,50.46795789473684,0,0,1,0,0,3.9213386377688964
2015-06-30,54.44904000000001,2015.0,6.0,9277.7138671875,60.30999999999999,7.24973590678889,6852970000.0,7.24973590678889,0.2447076416454891,0.0,post,54.44904000000001,0,0,1,0,0,3.99726521836955
2015-07-31,57.17966956521739,2015.0,7.0,9277.7138671875,53.28999999999999,7.249735906788889,6852970000.0,7.249735906788889,0.2672591231996243,0.0,post,57.17966956521739,0,0,1,0,0,4.046198408025027
2015-08-31,65.42299047619048,2015.0,8.0,9277.7138671875,54.150000000000006,7.24973590678889,6852970000.0,7.24973590678889,0.5862659438520775,0.0,post,65.42299047619048,0,0,1,0,0,4.180873733021921
2015-09-30,66.78289545454547,2015.0,9.0,9277.7138671875,47.28999999999999,7.249735906788889,6852970000.0,7.249735906788889,-0.010613841650399096,0.0,post,66.78289545454547,0,0,1,0,0,4.201446991684969
2015-10-31,63.24558695652173,2015.0,10.0,9277.7138671875,48.0,7.249735906788889,6852970000.0,7.249735906788889,-0.11333915492769789,0.0,post,63.24558695652173,0,0,1,0,0,4.147025353735098
2015-11-30,65.02956315789474,2015.0,11.0,9277.7138671875,43.73,7.24973590678889,6852970000.0,7.24973590678889,0.15420464133525086,0.0,post,65.02956315789474,0,0,1,0,0,4.174841984311131
2015-12-31,69.70484782608695,2015.0,12.0,9277.7138671875,36.61000000000001,7.249735906788889,6852970000.0,7.249735906788889,0.42062834037079455,0.0,post,69.70484782608695,0,0,1,0,0,4.244269868089361
2016-01-31,77.934425,2016.0,1.0,8663.158203125,33.14,2.84422269802643,32538900000.0,2.84422269802643,0.2336670641689832,0.0,post,77.934425,0,0,0,0,0,4.355867767970639
2016-02-29,77.32849473684212,2016.0,2.0,8663.158203125,35.919999999999995,2.8442226980264294,32538900000.0,2.8442226980264294,0.009785254945548464,0.0,post,77.32849473684212,0,0,0,0,0,4.348062512982661
2016-03-31,70.41831904761905,2016.0,3.0,8663.158203125,36.75,2.8442226980264294,32538900000.0,2.8442226980264294,-0.4903958938022758,0.0,post,70.41831904761905,0,0,0,0,0,4.254453443058861
2016-04-30,66.68263636363636,2016.0,4.0,8663.158203125,45.63999999999999,2.8442226980264294,32538900000.0,2.8442226980264294,-0.21421168072527264,0.0,post,66.68263636363636,0,0,0,0,0,4.199944594648041
2016-05-31,65.83865555555556,2016.0,5.0,8663.158203125,49.26,2.84422269802643,32538900000.0,2.84422269802643,0.15547115995973768,0.0,post,65.83865555555556,0,0,0,0,0,4.187207136287233
2016-06-30,65.21926666666667,2016.0,6.0,8663.158203125,48.04999999999999,2.8442226980264294,32538900000.0,2.8442226980264294,-0.12760749972436394,0.0,post,65.21926666666667,0,0,0,0,0,4.177754926303274
2016-07-31,64.33796818181818,2016.0,7.0,8663.158203125,40.76,2.8442226980264294,32538900000.0,2.8442226980264294,0.1956912665795315,0.0,post,64.33796818181818,0,0,0,0,0,4.164149941918678
2016-08-31,64.93652727272728,2016.0,8.0,8663.158203125,47.94000000000001,2.8442226980264294,32538900000.0,2.8442226980264294,-0.14527513051967209,0.0,post,64.93652727272728,0,0,0,0,0,4.173410289308983
2016-09-30,64.55720454545455,2016.0,9.0,8663.158203125,48.24,2.8442226980264294,32538900000.0,2.8442226980264294,-0.12164165991218966,0.0,post,64.55720454545455,0,0,0,0,0,4.167551722922831
2016-10-31,62.620004761904774,2016.0,10.0,8663.158203125,46.20000000000001,2.8442226980264294,32538900000.0,2.8442226980264294,-0.01760817223917389,0.0,post,62.620004761904774,0,0,0,0,0,4.137084791942728
2016-11-30,64.31373809523811,2016.0,11.0,8663.158203125,47.95000000000001,2.8442226980264294,32538900000.0,2.8442226980264294,0.15622917257354732,0.0,post,64.31373809523811,0,0,0,0,0,4.163773264646876
2016-12-31,62.09129130434781,2016.0,12.0,8663.158203125,54.96000000000001,2.8442226980264294,32538900000.0,2.8442226980264294,-0.29263066719574116,0.0,post,62.09129130434781,0,0,0,0,0,4.128605742460393
2017-01-31,59.629856249999996,2017.0,1.0,10658.9130859375,55.25,5.34981508767618,28557440000.0,5.34981508767618,-0.049305402196395814,0.0,post,59.629856249999996,0,0,0,0,0,4.088156392432796
2017-02-28,58.539361111111106,2017.0,2.0,10658.9130859375,53.36,5.34981508767618,28557440000.0,5.34981508767618,-0.2058716491541897,0.0,post,58.539361111111106,0,0,0,0,0,4.069699367488966
2017-03-31,58.006631818181816,2017.0,3.0,10658.9130859375,52.20000000000002,5.349815087676179,28557440000.0,5.349815087676179,-0.12174960328321913,0.0,post,58.006631818181816,0,0,0,0,0,4.060557345702696
2017-04-30,56.43561428571428,2017.0,4.0,10658.9130859375,49.46,5.349815087676179,28557440000.0,5.349815087676179,0.05303240857119323,0.0,post,56.43561428571428,0,0,0,0,0,4.033100418184255
2017-05-31,56.950068421052634,2017.0,5.0,10658.9130859375,49.4,5.34981508767618,28557440000.0,5.34981508767618,-0.03951124523711918,0.0,post,56.950068421052634,0,0,0,0,0,4.042174891315694
2017-06-30,57.89317619047618,2017.0,6.0,10658.9130859375,47.080000000000005,5.349815087676179,28557440000.0,5.349815087676179,0.21463678065534225,0.0,post,57.89317619047618,0,0,0,0,0,4.058599522546726
2017-07-31,59.69267619047619,2017.0,7.0,10658.9130859375,51.989999999999995,5.349815087676179,28557440000.0,5.349815087676179,0.03882588970233932,0.0,post,59.69267619047619,0,0,0,0,0,4.089209335996687
2017-08-31,59.61272608695652,2017.0,8.0,10658.9130859375,52.69000000000001,5.349815087676179,28557440000.0,5.349815087676179,-0.05849777750694372,0.0,post,59.61272608695652,0,0,0,0,0,4.087869076227031
2017-09-30,57.74469090909092,2017.0,9.0,10658.9130859375,57.02,5.349815087676179,28557440000.0,5.349815087676179,-0.05414801319498533,0.0,post,57.74469090909092,0,0,0,0,0,4.056031412865755
2017-10-31,57.698052380952376,2017.0,10.0,10658.9130859375,61.34999999999999,5.349815087676179,28557440000.0,5.349815087676179,-0.011059939974186353,0.0,post,57.698052380952376,0,0,0,0,0,4.055223418714772
2017-11-30,58.92655238095239,2017.0,11.0,10658.9130859375,63.529999999999994,5.349815087676179,28557440000.0,5.349815087676179,0.03927137890248292,0.0,post,58.92655238095239,0,0,0,0,0,4.076291793506183
2017-12-31,58.573854545454566,2017.0,12.0,10658.9130859375,66.73,5.349815087676179,28557440000.0,5.349815087676179,-0.056300831179408165,0.0,post,58.573854545454566,0,0,0,0,0,4.070288428854031
2018-01-31,56.498099999999994,2018.0,1.0,11211.8876953125,67.78,9.99797671148308,8784850000.0,9.99797671148308,-0.14253279369927166,0.0,post,56.498099999999994,0,0,0,0,0,4.034207009268367
2018-02-28,56.8067052631579,2018.0,2.0,11211.8876953125,66.07999999999998,9.997976711483082,8784850000.0,9.997976711483082,-0.05534295261939831,0.0,post,56.8067052631579,0,0,0,0,0,4.0396543691674145
2018-03-31,57.063604761904756,2018.0,3.0,11211.8876953125,69.02,9.997976711483082,8784850000.0,9.997976711483082,0.13628005995062886,0.0,post,57.063604761904756,0,0,0,0,0,4.044166518726893
2018-04-30,60.76989047619046,2018.0,4.0,11211.8876953125,75.92000000000002,9.997976711483082,8784850000.0,9.997976711483082,0.39548380703538155,0.0,post,60.76989047619046,0,0,0,0,0,4.107094443877917
2018-05-31,62.2309,2018.0,5.0,11211.8876953125,76.45,9.997976711483082,8784850000.0,9.997976711483082,0.05463893109440726,0.0,post,62.2309,0,0,0,0,0,4.13085166095445
2018-06-30,62.76850476190475,2018.0,6.0,11211.8876953125,77.44000000000001,9.997976711483082,8784850000.0,9.997976711483082,0.015329723247876837,0.0,post,62.76850476190475,0,0,0,0,0,4.139453431142496
2018-07-31,62.86194761904763,2018.0,7.0,11211.8876953125,74.16000000000001,9.997976711483082,8784850000.0,9.997976711483082,0.0025596558186690736,0.0,post,62.86194761904763,0,0,0,0,0,4.1409410143295915
2018-08-31,66.07640869565218,2018.0,8.0,11211.8876953125,76.94000000000001,9.997976711483084,8784850000.0,9.997976711483084,0.3600012466381061,0.0,post,66.07640869565218,0,0,0,0,0,4.1908117799097395
2018-09-30,67.66609523809522,2018.0,9.0,11211.8876953125,82.72,9.997976711483082,8784850000.0,9.997976711483082,-0.1753826166294841,0.0,post,67.66609523809522,0,0,0,0,0,4.214585245580807
2018-10-31,65.85452727272728,2018.0,10.0,11211.8876953125,74.83999999999997,9.997976711483084,8784850000.0,9.997976711483084,0.014303792450245682,0.0,post,65.85452727272728,0,0,0,0,0,4.1874481771202925
2018-11-30,66.35568095238096,2018.0,11.0,11211.8876953125,57.71,9.997976711483082,8784850000.0,9.997976711483082,0.06444369692442849,0.0,post,66.35568095238096,0,0,0,0,0,4.1950293780983445
2018-12-31,67.33531363636365,2018.0,12.0,11211.8876953125,50.57000000000001,9.997976711483084,8784850000.0,9.997976711483084,0.19060117121886166,0.0,post,67.33531363636365,0,0,0,0,0,4.2096848187416605
2019-01-31,66.51254374999999,2019.0,1.0,11447.701171875,62.46,3.26313281881684,31974770000.0,3.26313281881684,-0.30662355169412264,0.0,post,66.51254374999999,0,0,0,0,0,4.1973905576933666
2019-02-28,65.81052500000001,2019.0,2.0,11447.701171875,65.03,3.2631328188168403,31974770000.0,3.2631328188168403,-0.024547579316646084,0.0,post,65.81052500000001,0,0,0,0,0,4.186779779947225
2019-03-31,65.09225714285714,2019.0,3.0,11447.701171875,67.93000000000002,3.2631328188168403,31974770000.0,3.2631328188168403,-0.07343629839358154,0.0,post,65.09225714285714,0,0,0,0,0,4.175805604243111
2019-04-30,64.60310476190477,2019.0,4.0,11447.701171875,72.19000000000001,3.2631328188168403,31974770000.0,3.2631328188168403,-0.0021370160126266136,0.0,post,64.60310476190477,0,0,0,0,0,4.168262470963443
2019-05-31,64.81870555555555,2019.0,5.0,11447.701171875,66.78,3.2631328188168403,31974770000.0,3.2631328188168403,0.032143271986744146,0.0,post,64.81870555555555,0,0,0,0,0,4.171594227683016
2019-06-30,64.16905,2019.0,6.0,11447.701171875,67.52,3.2631328188168403,31974770000.0,3.2631328188168403,-0.15388078177159925,0.0,post,64.16905,0,0,0,0,0,4.161521007227093
2019-07-31,63.222681818181826,2019.0,7.0,11447.701171875,64.06999999999998,3.2631328188168407,31974770000.0,3.2631328188168407,0.022479227300962898,0.0,post,63.222681818181826,0,0,0,0,0,4.146663126295563
2019-08-31,65.58748260869565,2019.0,8.0,11447.701171875,61.03999999999999,3.2631328188168407,31974770000.0,3.2631328188168407,0.2099764882046831,0.0,post,65.58748260869565,0,0,0,0,0,4.183384863850922
2019-09-30,64.95870500000001,2019.0,9.0,11447.701171875,60.989999999999995,3.2631328188168403,31974770000.0,3.2631328188168403,-0.157065332111751,0.0,post,64.95870500000001,0,0,0,0,0,4.173751760309884
2019-10-31,64.37499130434783,2019.0,10.0,11447.701171875,59.29999999999998,3.2631328188168407,31974770000.0,3.2631328188168407,-0.03610472359044562,0.0,post,64.37499130434783,0,0,0,0,0,4.1647252239057995
2019-11-30,63.867119047619035,2019.0,11.0,11447.701171875,64.5,3.2631328188168403,31974770000.0,3.2631328188168403,0.016268195206732495,0.0,post,63.867119047619035,0,0,0,0,0,4.156804660052631
2019-12-31,62.932538095238094,2019.0,12.0,11447.701171875,67.77,3.2631328188168403,31974770000.0,3.2631328188168403,-0.16368713556322062,0.0,post,62.932538095238094,0,0,0,0,0,4.142063328764906
2020-01-31,61.81214705882354,2020.0,1.0,10108.3271484375,57.77,0.898246027195242,9478810000.0,0.898246027195242,0.10804236014783478,0.0,post,61.81214705882354,0,0,0,0,0,4.1240998994992655
2020-02-29,63.97975,2020.0,2.0,10108.3271484375,51.30999999999999,0.8982460271952422,9478810000.0,0.8982460271952422,0.30785806748660216,0.0,post,63.97975,0,0,0,0,0,4.158566627042653
2020-03-31,73.71944210526316,2020.0,3.0,10108.3271484375,14.850000000000001,0.8982460271952422,9478810000.0,0.8982460271952422,0.8166886562308455,0.0,post,73.71944210526316,0,0,0,1,0,4.3002665650201815
2020-04-30,74.76353333333333,2020.0,4.0,10108.3271484375,18.11,0.8982460271952422,9478810000.0,0.8982460271952422,-0.28947394780655294,0.0,post,74.76353333333333,0,0,0,1,0,4.314330243821165
2020-05-31,72.50029444444444,2020.0,5.0,10108.3271484375,34.15,0.8982460271952422,9478810000.0,0.8982460271952422,-0.22221078874807473,0.0,post,72.50029444444444,0,0,0,1,0,4.283590623155064
2020-06-30,69.196715,2020.0,6.0,10108.3271484375,41.64,0.8982460271952422,9478810000.0,0.8982460271952422,-0.05335514878424763,0.0,post,69.196715,0,0,0,1,0,4.23695339039857
2020-07-31,71.29407391304348,2020.0,7.0,10108.3271484375,43.13,0.898246027195242,9478810000.0,0.898246027195242,0.20989564303710426,0.0,post,71.29407391304348,0,0,0,1,0,4.266813209141947
2020-08-31,73.79810952380953,2020.0,8.0,10108.3271484375,45.220000000000006,0.8982460271952422,9478810000.0,0.8982460271952422,0.08403708108194886,0.0,post,73.79810952380953,0,0,0,1,0,4.3013331150697836
2020-09-30,75.72798636363635,2020.0,9.0,10108.3271484375,40.29999999999998,0.898246027195242,9478810000.0,0.898246027195242,0.30180006009076676,0.0,post,75.72798636363635,0,0,0,1,0,4.327147793093577
2020-10-31,77.66354782608695,2020.0,10.0,10108.3271484375,36.33000000000001,0.898246027195242,9478810000.0,0.898246027195242,-0.015849391932906565,0.0,post,77.66354782608695,0,0,0,1,0,4.3523860073456255
2020-11-30,76.83946842105263,2020.0,11.0,10108.3271484375,46.84000000000001,0.8982460271952422,9478810000.0,0.8982460271952422,-0.2319727077789531,0.0,post,76.83946842105263,0,0,0,1,0,4.341718419878673
2020-12-31,74.21670434782608,2020.0,12.0,10108.3271484375,51.220000000000006,0.898246027195242,9478810000.0,0.898246027195242,-0.1123393268815382,0.0,post,74.21670434782608,0,0,0,1,0,4.306989250817767
2021-01-31,74.39247499999999,2021.0,1.0,12425.029296875,55.25,18.2091007441068,40450000000.0,18.2091007441068,0.20076687281608552,0.0,post,74.39247499999999,0,0,0,1,0,4.309354794250683
2021-02-28,74.3168157894737,2021.0,2.0,12425.029296875,65.85999999999999,18.209100744106802,40450000000.0,18.209100744106802,-0.12500882258222118,0.0,post,74.3168157894737,0,0,0,1,0,4.308337248989687
2021-03-31,74.39713333333331,2021.0,3.0,12425.029296875,63.52,18.209100744106802,40450000000.0,18.209100744106802,0.08227689087851557,0.0,post,74.39713333333331,0,0,0,1,0,4.309417410630779
2021-04-30,76.14393181818183,2021.0,4.0,12425.029296875,67.73,18.209100744106806,40450000000.0,18.209100744106806,-0.07498338953684741,0.0,post,76.14393181818183,0,0,0,1,0,4.332625388945776
2021-05-31,74.00427368421053,2021.0,5.0,12425.029296875,69.35999999999999,18.209100744106802,40450000000.0,18.209100744106802,-0.056031481149394845,0.0,post,74.00427368421053,0,0,0,1,0,4.3041228440258905
2021-06-30,72.61685714285716,2021.0,6.0,12425.029296875,76.94000000000001,18.209100744106802,40450000000.0,18.209100744106802,-0.07794085561059945,0.0,post,72.61685714285716,0,0,0,1,0,4.285197086928722
2021-07-31,73.88989130434783,2021.0,7.0,12425.029296875,77.72000000000001,18.209100744106806,40450000000.0,18.209100744106806,0.047656570627122634,0.0,post,73.88989130434783,0,0,0,1,0,4.302576029752618
2021-08-31,73.58273333333334,2021.0,8.0,12425.029296875,73.45000000000002,18.209100744106802,40450000000.0,18.209100744106802,0.02896082945707191,0.0,post,73.58273333333334,0,0,0,1,0,4.29841039676233
2021-09-30,72.92621818181819,2021.0,9.0,12425.029296875,77.80999999999999,18.209100744106806,40450000000.0,18.209100744106806,-0.04966660126716356,0.0,post,72.92621818181819,0,0,0,1,0,4.289448220198676
2021-10-31,71.45009090909092,2021.0,10.0,12425.029296875,83.09999999999997,18.209100744106806,40450000000.0,18.209100744106806,-0.1411139206219376,0.0,post,71.45009090909092,0,0,0,1,0,4.268999176720636
2021-11-30,72.6989105263158,2021.0,11.0,12425.029296875,70.85999999999999,18.209100744106802,40450000000.0,18.209100744106802,0.3257844629729334,0.0,post,72.6989105263158,0,0,0,1,0,4.28632639854432
2021-12-31,73.76931304347826,2021.0,12.0,12425.029296875,77.24,18.209100744106806,40450000000.0,18.209100744106806,-0.03900218280016733,0.0,post,73.76931304347826,0,0,0,1,0,4.300942832713477
2022-01-31,76.59474666666667,2022.0,1.0,15619.6142578125,92.34999999999998,18.184689261661795,-39800944226.9806,18.184689261661795,0.3126962808685089,0.0,post,76.59474666666667,0,0,0,0,0,4.338528493019627
2022-02-28,77.16937368421053,2022.0,2.0,15619.6142578125,103.07999999999998,18.1846892616618,-39800944226.9806,18.1846892616618,0.4035416757856178,0.0,post,77.16937368421053,0,0,0,0,1,4.3460026643838425
2022-03-31,103.47004545454546,2022.0,3.0,15619.6142578125,107.29,18.184689261661795,-39800944226.9806,18.184689261661795,0.17630963268293712,0.0,post,103.47004545454546,0,0,0,0,1,4.639282154918448
2022-04-30,77.89918636363637,2022.0,4.0,15619.6142578125,108.36,18.184689261661795,-39800944226.9806,18.184689261661795,-0.7381992743153386,0.0,post,77.89918636363637,0,0,0,0,1,4.35541550819618
2022-05-31,63.312741176470595,2022.0,5.0,15619.6142578125,125.53000000000002,18.1846892616618,-39800944226.9806,18.1846892616618,-0.614157281872242,0.0,post,63.312741176470595,0,0,0,0,1,4.148086591304242
2022-06-30,57.178557142857144,2022.0,6.0,15619.6142578125,119.78000000000003,18.184689261661795,-39800944226.9806,18.184689261661795,-0.9870300590708819,0.0,post,57.178557142857144,0,0,0,0,1,4.046178952977632
2022-07-31,58.221399999999996,2022.0,7.0,15619.6142578125,111.51000000000003,18.184689261661795,-39800944226.9806,18.184689261661795,0.8615599973729011,0.0,post,58.221399999999996,0,0,0,0,1,4.0642529847477
2022-08-31,60.39191818181817,2022.0,8.0,15619.6142578125,96.55,18.184689261661795,-39800944226.9806,18.184689261661795,-0.0661950723443499,0.0,post,60.39191818181817,0,0,0,0,1,4.100855291051305
2022-09-30,59.82150000000001,2022.0,9.0,15619.6142578125,88.90000000000003,18.184689261661795,-39800944226.9806,18.184689261661795,-0.2235584253386698,0.0,post,59.82150000000001,0,0,0,0,1,4.091365128113101
2022-10-31,61.11584285714285,2022.0,10.0,15619.6142578125,93.29999999999998,18.184689261661795,-39800944226.9806,18.184689261661795,0.3429060965242537,0.0,post,61.11584285714285,0,0,0,0,1,4.112771126464288
2022-11-30,60.85299523809524,2022.0,11.0,15619.6142578125,85.60999999999997,18.184689261661795,-39800944226.9806,18.184689261661795,-0.034078416157125514,0.0,post,60.85299523809524,0,0,0,0,1,4.108461041526879
2022-12-31,65.81498695652175,2022.0,12.0,15619.6142578125,82.81999999999998,18.184689261661795,-39800944226.9806,18.184689261661795,0.6309387838357225,0.0,post,65.81498695652175,0,0,0,0,1,4.186847577693378
2023-01-31,68.875975,2023.0,1.0,14159.3876953125,83.42,7.99857099742052,-10045110000.0,7.99857099742052,-0.064329711379571,0.0,post,68.875975,0,0,0,0,1,4.232307423452737
2023-02-28,72.78275,2023.0,2.0,14159.3876953125,83.21,7.998570997420521,-10045110000.0,7.998570997420521,0.45102536899136525,0.0,post,72.78275,0,0,0,0,1,4.287478976575973
2023-03-31,76.10358636363637,2023.0,3.0,14159.3876953125,79.19000000000001,7.998570997420523,-10045110000.0,7.998570997420523,0.09975130029505998,0.0,post,76.10358636363637,0,0,0,0,1,4.332095390743222
2023-04-30,80.99554285714285,2023.0,4.0,14159.3876953125,81.31999999999998,7.998570997420522,-10045110000.0,7.998570997420522,0.21018608695096655,0.0,post,80.99554285714285,0,0,0,0,1,4.394394126703402
2023-05-31,79.2125947368421,2023.0,5.0,14159.3876953125,71.98,7.998570997420522,-10045110000.0,7.998570997420522,0.017160145827355144,0.0,post,79.2125947368421,0,0,0,0,1,4.372135310632409
2023-06-30,83.31933333333333,2023.0,6.0,14159.3876953125,74.51,7.998570997420522,-10045110000.0,7.998570997420522,0.36271787683647244,0.0,post,83.31933333333333,0,0,0,0,1,4.422680615080556
2023-07-31,90.47404761904762,2023.0,7.0,14159.3876953125,85.22,7.998570997420522,-10045110000.0,7.998570997420522,0.21462813575490655,0.0,post,90.47404761904762,0,0,0,0,1,4.505063042940107
2023-08-31,95.28534782608696,2023.0,8.0,14159.3876953125,87.28999999999999,7.998570997420523,-10045110000.0,7.998570997420523,0.23983524781980173,0.0,post,95.28534782608696,0,0,0,0,1,4.556876050949779
2023-09-30,96.62225909090907,2023.0,9.0,14159.3876953125,95.85999999999999,7.998570997420523,-10045110000.0,7.998570997420523,0.0722578927896612,0.0,post,96.62225909090907,0,0,0,0,1,4.570809140046354
2023-10-31,97.12228095238095,2023.0,10.0,14159.3876953125,86.81999999999998,7.998570997420522,-10045110000.0,7.998570997420522,-0.20356938323328136,0.0,post,97.12228095238095,0,0,0,0,1,4.575970812953654
2023-11-30,90.41279047619048,2023.0,11.0,14159.3876953125,81.72,7.998570997420522,-10045110000.0,7.998570997420522,-0.22532180803187787,0.0,post,90.41279047619048,0,0,0,0,1,4.504385744958188
2023-12-31,90.81718636363637,2023.0,12.0,14159.3876953125,77.69000000000001,7.998570997420523,-10045110000.0,7.998570997420523,0.04412320339335514,0.0,post,90.81718636363637,0,0,0,0,1,4.50884854482915
2024-01-31,88.6802875,2024.0,1.0,14889.0185546875,82.98,9.27567104020601,-8175980000.0,9.27567104020601,-0.026078026830916173,0.0,post,88.6802875,0,0,0,0,1,4.485037626736541
2024-02-29,91.51825500000001,2024.0,2.0,14889.0185546875,84.56999999999998,9.275671040206012,-8175980000.0,9.275671040206012,0.14334511115277782,0.0,post,91.51825500000001,0,0,0,0,1,4.516538460579083
2024-03-31,91.73163333333333,2024.0,3.0,14889.0185546875,86.17000000000002,9.275671040206012,-8175980000.0,9.275671040206012,0.026875993087835524,0.0,post,91.73163333333333,0,0,0,0,1,4.5188672852426155
2024-04-30,92.95856666666666,2024.0,4.0,14889.0185546875,88.23,9.275671040206012,-8175980000.0,9.275671040206012,-0.02970640716251823,0.0,post,92.95856666666666,0,0,0,0,1,4.5321538741666005
2024-05-31,90.60715263157896,2024.0,5.0,14889.0185546875,79.41000000000001,9.275671040206012,-8175980000.0,9.275671040206012,-0.11430510591771663,0.0,post,90.60715263157896,0,0,0,0,1,4.506533157301175
2024-06-30,87.75688,2024.0,6.0,14889.0185546875,87.26,9.275671040206012,-8175980000.0,9.275671040206012,-0.21330506426060714,0.0,post,87.75688,0,0,0,0,1,4.474570263830903
2024-07-31,87.49164999999999,2024.0,7.0,14889.0185546875,81.39000000000003,9.275671040206014,-8175980000.0,9.275671040206014,0.032744967105290505,0.0,post,87.49164999999999,0,0,0,0,1,4.471543360238544
2024-08-31,89.16016086956522,2024.0,8.0,14889.0185546875,80.20000000000002,9.275671040206014,-8175980000.0,9.275671040206014,0.24513533842402138,0.0,post,89.16016086956522,0,0,0,0,1,4.490434312795596
2024-09-30,91.234505,2024.0,9.0,14889.0185546875,72.34999999999998,9.275671040206012,-8175980000.0,9.275671040206012,0.08500264312452654,0.0,post,91.234505,0,0,0,0,1,4.513433169824375
2024-10-31,96.16022608695651,2024.0,10.0,14889.0185546875,73.25,9.275671040206014,-8175980000.0,9.275671040206014,0.20075262184773676,0.0,post,96.16022608695651,0,0,0,0,1,4.566015821938008
2024-11-30,100.68744999999998,2024.0,11.0,14889.0185546875,74.16000000000003,9.275671040206014,-8175980000.0,9.275671040206014,0.4797554536636939,0.0,post,100.68744999999998,0,0,0,0,1,4.612021164351098
2024-12-31,102.25964761904763,2024.0,12.0,14889.0185546875,74.57999999999998,9.275671040206012,-8175980000.0,9.275671040206012,-0.26615964778154566,0.0,post,102.25964761904763,0,0,0,0,1,4.627515143714444
2025-01-31,100.68357391304349,2025.0,1.0,14260.0,77.10999999999997,8.199999999999996,3300000000.0,8.139999999999997,-0.1572499560922608,0.0,post,100.68357391304349,0,0,0,0,0,4.611982667382849
2025-02-28,92.39455454545454,2025.0,2.0,14260.0,74.76,8.199999999999996,3300000000.0,8.139999999999997,-0.4668573731376917,0.0,post,92.39455454545454,0,0,0,0,0,4.52606804342024
2025-03-31,86.09760000000001,2025.0,3.0,14260.0,77.23,8.199999999999996,3300000000.0,8.139999999999997,-0.13077328914404343,0.0,post,86.09760000000001,0,0,0,0,0,4.455481536480723
2025-04-30,83.24364545454544,2025.0,4.0,14260.0,63.369999999999976,8.199999999999996,3300000000.0,8.139999999999997,-0.2137846972861654,0.0,post,83.24364545454544,0,0,0,0,0,4.421771795070873
2025-05-31,80.23765,2025.0,5.0,14260.0,64.31999999999998,8.199999999999998,3300000000.0,8.139999999999997,-0.17841227774988033,0.0,post,80.23765,0,0,0,0,0,4.384992856086219
2025-06-30,78.677635,2025.0,6.0,14260.0,68.15000000000002,8.199999999999998,3300000000.0,8.139999999999997,-0.004908596560261325,0.0,post,78.677635,0,0,0,0,0,4.365358934604426
2025-07-31,78.85013913043477,2025.0,7.0,14260.0,73.43000000000002,8.199999999999996,3300000000.0,8.139999999999997,0.10165905171212959,0.0,post,78.85013913043477,0,0,0,0,0,4.367549077902542
2025-08-31,80.01365625,2025.0,8.0,14260.0,67.83,8.2,3300000000.0,8.14,0.03467387096992222,0.0,post,80.01365625,0,0,0,0,0,4.382197323230761
