"Date","Value"
"09/14/2015",45.87
"09/15/2015",45.91
"09/16/2015",49.35
"09/17/2015",48.27
"09/18/2015",47.28
"09/21/2015",47.64
"09/22/2015",46.69
"09/23/2015",48
"09/24/2015",47.06
"09/25/2015",47.28
"09/28/2015",46.04
"09/29/2015",47.58
"09/30/2015",47.29
"10/01/2015",47.48
"10/02/2015",46.55
"10/05/2015",49.45
"10/06/2015",51.34
"10/07/2015",51.66
"10/08/2015",52.13
"10/09/2015",52.08
"10/12/2015",50.95
"10/13/2015",48.94
"10/14/2015",48.25
"10/15/2015",47.87
"10/16/2015",48.96
"10/19/2015",47.51
"10/20/2015",46.93
"10/21/2015",46.72
"10/22/2015",46.59
"10/23/2015",46.3
"10/26/2015",46.57
"10/27/2015",45.54
"10/28/2015",47.6
"10/29/2015",48.04
"10/30/2015",48
"11/02/2015",47.91
"11/03/2015",48
"11/04/2015",46.96
"11/05/2015",47.19
"11/06/2015",46.09
"11/09/2015",45.38
"11/10/2015",46.44
"11/11/2015",44.98
"11/12/2015",44.98
"11/13/2015",41.98
"11/16/2015",40.28
"11/17/2015",41.28
"11/18/2015",41.45
"11/19/2015",42.22
"11/20/2015",42.49
"11/23/2015",43.7
"11/24/2015",44.38
"11/25/2015",43.56
"11/26/2015",43.55
"11/27/2015",43.07
"11/30/2015",43.73
"12/01/2015",42.97
"12/02/2015",41.92
"12/03/2015",42
"12/04/2015",41.44
"12/07/2015",39.69
"12/08/2015",39.44
"12/09/2015",39.04
"12/10/2015",38.65
"12/11/2015",36.99
"12/14/2015",36.51
"12/15/2015",37.66
"12/16/2015",36.96
"12/17/2015",36.29
"12/18/2015",36.76
"12/21/2015",35.34
"12/22/2015",35.26
"12/23/2015",35.79
"12/24/2015",37.22
"12/28/2015",37.08
"12/29/2015",36.85
"12/30/2015",35.65
"12/31/2015",36.61
"01/04/2016",36.28
"01/05/2016",35.56
"01/06/2016",33.89
"01/07/2016",33.57
"01/08/2016",31.67
"01/11/2016",30.14
"01/12/2016",29.14
"01/13/2016",28.58
"01/14/2016",28.84
"01/15/2016",28.8
"01/18/2016",27.36
"01/19/2016",27.36
"01/20/2016",26.01
"01/21/2016",27.59
"01/22/2016",30.46
"01/25/2016",29.82
"01/26/2016",30.94
"01/27/2016",31.83
"01/28/2016",33.01
"01/29/2016",33.14
"02/01/2016",32.45
"02/02/2016",30.98
"02/03/2016",32.38
"02/04/2016",32.76
"02/05/2016",32.35
"02/08/2016",31.64
"02/09/2016",30.15
"02/10/2016",29.64
"02/11/2016",28.82
"02/12/2016",31.8
"02/15/2016",33.39
"02/16/2016",31.09
"02/17/2016",33.21
"02/18/2016",33.2
"02/19/2016",31.66
"02/22/2016",33.59
"02/23/2016",31.9
"02/24/2016",31.5
"02/25/2016",32.83
"02/26/2016",35.76
"02/29/2016",35.92
"03/01/2016",35.73
"03/02/2016",36.38
"03/03/2016",35.75
"03/04/2016",37.61
"03/07/2016",39.02
"03/08/2016",39.16
"03/09/2016",40.26
"03/10/2016",38.63
"03/11/2016",39.41
"03/14/2016",38.06
"03/15/2016",37.49
"03/16/2016",38.38
"03/17/2016",39.29
"03/18/2016",39.26
"03/21/2016",39.91
"03/22/2016",40.54
"03/23/2016",38.84
"03/24/2016",38.33
"03/28/2016",38.33
"03/29/2016",36.75
"03/30/2016",36.75
"03/31/2016",36.75
"04/01/2016",36.42
"04/04/2016",36.05
"04/05/2016",35.88
"04/06/2016",37.77
"04/07/2016",37.15
"04/08/2016",40.71
"04/11/2016",41.58
"04/12/2016",43.02
"04/13/2016",42.81
"04/14/2016",43.02
"04/15/2016",41.32
"04/18/2016",41.64
"04/19/2016",43.02
"04/20/2016",43.09
"04/21/2016",43.48
"04/22/2016",43.97
"04/25/2016",42.97
"04/26/2016",43.94
"04/27/2016",44.17
"04/28/2016",45.6
"04/29/2016",45.64
"05/02/2016",45.82
"05/03/2016",43.09
"05/04/2016",43.08
"05/05/2016",44.39
"05/06/2016",44.6
"05/09/2016",42.43
"05/10/2016",44.01
"05/11/2016",46.08
"05/12/2016",46.43
"05/13/2016",47.05
"05/16/2016",48.49
"05/17/2016",48.71
"05/18/2016",48.93
"05/19/2016",47.01
"05/20/2016",48.54
"05/23/2016",47.77
"05/24/2016",48.42
"05/25/2016",48.87
"05/26/2016",49.52
"05/27/2016",49.09
"05/30/2016",49.76
"05/31/2016",49.26
"06/01/2016",48.81
"06/02/2016",49.05
"06/03/2016",48.5
"06/06/2016",48.94
"06/07/2016",49.76
"06/08/2016",50.73
"06/09/2016",50.59
"06/10/2016",49.7
"06/13/2016",49.36
"06/14/2016",47.88
"06/15/2016",47.47
"06/16/2016",45.66
"06/17/2016",46.57
"06/20/2016",48.68
"06/21/2016",48.18
"06/22/2016",48.43
"06/23/2016",48.63
"06/24/2016",46.69
"06/27/2016",45.07
"06/28/2016",46.29
"06/29/2016",48.4
"06/30/2016",48.05
"07/01/2016",47.65
"07/04/2016",48.02
"07/05/2016",45.64
"07/06/2016",45.7
"07/07/2016",45.93
"07/08/2016",44.53
"07/11/2016",44.04
"07/12/2016",46.72
"07/13/2016",44.67
"07/14/2016",46.01
"07/15/2016",46.25
"07/18/2016",45.35
"07/19/2016",45.7
"07/20/2016",45.82
"07/21/2016",44.99
"07/22/2016",44.24
"07/25/2016",43.76
"07/26/2016",43.56
"07/27/2016",42.78
"07/28/2016",41.87
"07/29/2016",40.76
"08/01/2016",40.17
"08/02/2016",40
"08/03/2016",40.45
"08/04/2016",41.33
"08/05/2016",42.47
"08/08/2016",43.24
"08/09/2016",43.37
"08/10/2016",42.19
"08/11/2016",44.23
"08/12/2016",45.12
"08/15/2016",47.31
"08/16/2016",48.27
"08/17/2016",48.58
"08/18/2016",49.46
"08/19/2016",49.39
"08/22/2016",48.1
"08/23/2016",48.7
"08/24/2016",47.56
"08/25/2016",49.25
"08/26/2016",49.66
"08/29/2016",49.66
"08/30/2016",47.94
"08/31/2016",47.94
"09/01/2016",45.05
"09/02/2016",45.96
"09/05/2016",46.72
"09/06/2016",46.21
"09/07/2016",47
"09/08/2016",49.23
"09/09/2016",48.37
"09/12/2016",47.82
"09/13/2016",46.48
"09/14/2016",45.65
"09/15/2016",45.83
"09/16/2016",45.26
"09/19/2016",46.04
"09/20/2016",45.24
"09/21/2016",45.99
"09/22/2016",47.21
"09/23/2016",46.71
"09/26/2016",46.61
"09/27/2016",44.95
"09/28/2016",45.49
"09/29/2016",48.43
"09/30/2016",48.24
"10/03/2016",48.61
"10/04/2016",48.81
"10/05/2016",49.57
"10/06/2016",50.14
"10/07/2016",50.49
"10/10/2016",51.54
"10/11/2016",50.48
"10/12/2016",49.53
"10/13/2016",49.29
"10/14/2016",48.87
"10/17/2016",49.31
"10/18/2016",49.81
"10/19/2016",51.85
"10/20/2016",50.42
"10/21/2016",50.28
"10/24/2016",49.8
"10/25/2016",49.08
"10/26/2016",48.98
"10/27/2016",49.13
"10/28/2016",47.78
"10/31/2016",46.2
"11/01/2016",45.77
"11/02/2016",44.26
"11/03/2016",43.84
"11/04/2016",43.06
"11/07/2016",42.83
"11/08/2016",43.47
"11/09/2016",43.88
"11/10/2016",43.67
"11/11/2016",41.61
"11/14/2016",41.83
"11/15/2016",44.15
"11/16/2016",45.07
"11/17/2016",44.57
"11/18/2016",44.41
"11/21/2016",45.96
"11/22/2016",46.1
"11/23/2016",46.54
"11/24/2016",47.54
"11/25/2016",46.32
"11/28/2016",46.64
"11/29/2016",44.68
"11/30/2016",47.95
"12/01/2016",52.28
"12/02/2016",52.35
"12/05/2016",53.3
"12/06/2016",52.31
"12/07/2016",51.9
"12/08/2016",51.6
"12/09/2016",52.19
"12/12/2016",53.99
"12/13/2016",53.28
"12/14/2016",53.15
"12/15/2016",51.72
"12/16/2016",54.15
"12/19/2016",53.53
"12/20/2016",54.56
"12/21/2016",53.01
"12/22/2016",54.04
"12/23/2016",53.93
"12/27/2016",56.09
"12/28/2016",54.95
"12/29/2016",54.97
"12/30/2016",54.96
"01/02/2017",56.82
"01/03/2017",55.05
"01/04/2017",54.57
"01/05/2017",54.99
"01/06/2017",55.9
"01/09/2017",54.39
"01/10/2017",53.2
"01/11/2017",53.61
"01/12/2017",54.51
"01/13/2017",54.37
"01/16/2017",54.3
"01/17/2017",54.68
"01/18/2017",53.77
"01/19/2017",53.18
"01/20/2017",55.04
"01/23/2017",54.8
"01/24/2017",54.7
"01/25/2017",54.34
"01/26/2017",55.89
"01/27/2017",54.8
"01/30/2017",54.77
"01/31/2017",55.25
"02/01/2017",55.79
"02/02/2017",55.94
"02/03/2017",55.92
"02/06/2017",55.02
"02/07/2017",53.79
"02/08/2017",54.42
"02/09/2017",53.98
"02/10/2017",55.2
"02/13/2017",54.15
"02/14/2017",54.96
"02/15/2017",54.57
"02/16/2017",54.16
"02/17/2017",54.48
"02/20/2017",55.25
"02/21/2017",56.34
"02/22/2017",54.9
"02/23/2017",55.82
"02/24/2017",54.69
"02/27/2017",54.65
"02/28/2017",53.36
"03/01/2017",55.72
"03/02/2017",54.16
"03/03/2017",54.12
"03/06/2017",54.73
"03/07/2017",54.61
"03/08/2017",53.3
"03/09/2017",50.65
"03/10/2017",50.63
"03/13/2017",50.1
"03/14/2017",49.6
"03/15/2017",50.63
"03/16/2017",50.56
"03/17/2017",50.58
"03/20/2017",50.67
"03/21/2017",50.14
"03/22/2017",49.56
"03/23/2017",50.17
"03/24/2017",49.97
"03/27/2017",50.12
"03/28/2017",50.72
"03/29/2017",51.36
"03/30/2017",52.25
"03/31/2017",52.2
"04/03/2017",52.04
"04/04/2017",53.08
"04/05/2017",53.41
"04/06/2017",53.62
"04/07/2017",54.24
"04/10/2017",54.79
"04/11/2017",54.73
"04/12/2017",54.75
"04/13/2017",55.05
"04/17/2017",54.79
"04/18/2017",52.6
"04/19/2017",52.43
"04/20/2017",50.66
"04/21/2017",49.93
"04/24/2017",49.45
"04/25/2017",49.37
"04/26/2017",49.99
"04/27/2017",49.46
"04/28/2017",49.46
"05/01/2017",50.41
"05/02/2017",49.31
"05/03/2017",48.82
"05/04/2017",47.53
"05/05/2017",47.45
"05/08/2017",46.61
"05/09/2017",47.06
"05/10/2017",48.09
"05/11/2017",49.18
"05/12/2017",49.08
"05/15/2017",51.29
"05/16/2017",51.21
"05/17/2017",51.76
"05/18/2017",51.71
"05/19/2017",52.78
"05/22/2017",53.35
"05/23/2017",53.19
"05/24/2017",53.29
"05/25/2017",52.25
"05/26/2017",50.84
"05/29/2017",52.25
"05/30/2017",50.65
"05/31/2017",49.4
"06/01/2017",50.41
"06/02/2017",48.46
"06/05/2017",48.25
"06/06/2017",48.11
"06/07/2017",47.08
"06/08/2017",46.3
"06/09/2017",46.64
"06/12/2017",47.18
"06/13/2017",46.95
"06/14/2017",45.47
"06/15/2017",45.61
"06/16/2017",45.7
"06/19/2017",45.93
"06/20/2017",43.98
"06/21/2017",44.62
"06/22/2017",44.46
"06/23/2017",44.14
"06/26/2017",44.09
"06/27/2017",46.17
"06/28/2017",46.45
"06/29/2017",47.02
"06/30/2017",47.08
"07/03/2017",49.13
"07/04/2017",49.15
"07/05/2017",47.58
"07/06/2017",48.53
"07/07/2017",46.47
"07/10/2017",46.57
"07/11/2017",46.68
"07/12/2017",46.73
"07/13/2017",47.65
"07/14/2017",47.89
"07/17/2017",47.66
"07/18/2017",47.92
"07/19/2017",48.34
"07/20/2017",48.54
"07/21/2017",47.47
"07/24/2017",47.81
"07/25/2017",49.19
"07/26/2017",50.08
"07/27/2017",50.67
"07/28/2017",52
"07/31/2017",51.99
"08/01/2017",50.77
"08/02/2017",52.09
"08/03/2017",52.88
"08/04/2017",52.48
"08/07/2017",51.42
"08/08/2017",52.18
"08/09/2017",52.16
"08/10/2017",52.59
"08/11/2017",51.47
"08/14/2017",51.29
"08/15/2017",49.9
"08/16/2017",50.39
"08/17/2017",50.37
"08/18/2017",50.96
"08/21/2017",51.94
"08/22/2017",52.29
"08/23/2017",52.31
"08/24/2017",51.73
"08/25/2017",51.87
"08/28/2017",51.87
"08/29/2017",51.64
"08/30/2017",51.91
"08/31/2017",52.69
"09/01/2017",53.15
"09/04/2017",52.6
"09/05/2017",53.63
"09/06/2017",54.48
"09/07/2017",54.16
"09/08/2017",54.55
"09/11/2017",54.2
"09/12/2017",55.06
"09/13/2017",55.52
"09/14/2017",56.76
"09/15/2017",56.18
"09/18/2017",55.5
"09/19/2017",56.58
"09/20/2017",57.2
"09/21/2017",57.73
"09/22/2017",58.16
"09/25/2017",59.42
"09/26/2017",59.77
"09/27/2017",58.74
"09/28/2017",58.8
"09/29/2017",57.02
"10/02/2017",55.67
"10/03/2017",56.12
"10/04/2017",56
"10/05/2017",57.09
"10/06/2017",55.5
"10/09/2017",55.29
"10/10/2017",56.62
"10/11/2017",56.13
"10/12/2017",56.13
"10/13/2017",56.86
"10/16/2017",57.49
"10/17/2017",57.63
"10/18/2017",58.05
"10/19/2017",57.82
"10/20/2017",57.89
"10/23/2017",57.69
"10/24/2017",57.84
"10/25/2017",58.45
"10/26/2017",58.75
"10/27/2017",60.15
"10/30/2017",60.65
"10/31/2017",61.35
"11/01/2017",60.98
"11/02/2017",60.79
"11/03/2017",61.42
"11/06/2017",64.27
"11/07/2017",64.36
"11/08/2017",63.96
"11/09/2017",64.49
"11/10/2017",64.35
"11/13/2017",62.94
"11/14/2017",60.91
"11/15/2017",61.25
"11/16/2017",61.18
"11/17/2017",61.34
"11/20/2017",61.34
"11/21/2017",62.28
"11/22/2017",62.92
"11/23/2017",63.27
"11/24/2017",63.58
"11/27/2017",63.25
"11/28/2017",63.56
"11/29/2017",63.74
"11/30/2017",63.53
"12/01/2017",64.57
"12/04/2017",63.45
"12/05/2017",63.45
"12/06/2017",62.25
"12/07/2017",62.37
"12/08/2017",63.86
"12/11/2017",65.62
"12/12/2017",64.96
"12/13/2017",63.66
"12/14/2017",63.72
"12/15/2017",63.81
"12/18/2017",64.45
"12/19/2017",63.69
"12/20/2017",64.43
"12/21/2017",64.64
"12/22/2017",64.61
"12/27/2017",66.03
"12/28/2017",66.8
"12/29/2017",66.73
"01/02/2018",66.65
"01/03/2018",67.85
"01/04/2018",68.73
"01/05/2018",68.01
"01/08/2018",68.48
"01/09/2018",69.08
"01/10/2018",69.79
"01/11/2018",70.36
"01/12/2018",69.64
"01/15/2018",70.31
"01/16/2018",69.4
"01/17/2018",69.19
"01/18/2018",69.48
"01/19/2018",68.56
"01/22/2018",69.32
"01/23/2018",69.81
"01/24/2018",69.91
"01/25/2018",71.08
"01/26/2018",70.08
"01/29/2018",68.41
"01/30/2018",67.78
"01/31/2018",67.78
"02/01/2018",68.6
"02/02/2018",67.45
"02/05/2018",67.69
"02/06/2018",66.75
"02/07/2018",65.74
"02/08/2018",64.26
"02/09/2018",63.04
"02/12/2018",62.2
"02/13/2018",61.94
"02/14/2018",62.29
"02/15/2018",62.86
"02/16/2018",64.3
"02/19/2018",64.95
"02/20/2018",64.68
"02/21/2018",64.81
"02/22/2018",66.12
"02/23/2018",67.04
"02/26/2018",67.96
"02/27/2018",67.59
"02/28/2018",66.08
"03/01/2018",64.23
"03/02/2018",64.26
"03/05/2018",65.78
"03/06/2018",65.67
"03/07/2018",65.09
"03/08/2018",63.87
"03/09/2018",65.19
"03/12/2018",64.53
"03/13/2018",64.2
"03/14/2018",63.61
"03/15/2018",63.67
"03/16/2018",64.68
"03/19/2018",64.82
"03/20/2018",66
"03/21/2018",68.15
"03/22/2018",68.98
"03/23/2018",69.03
"03/26/2018",68.81
"03/27/2018",68.63
"03/28/2018",68.13
"03/29/2018",69.02
"04/03/2018",69.02
"04/04/2018",66.04
"04/05/2018",66.54
"04/06/2018",66.51
"04/09/2018",68.19
"04/10/2018",70.67
"04/11/2018",72.74
"04/12/2018",71.44
"04/13/2018",73.18
"04/16/2018",72.05
"04/17/2018",71.71
"04/18/2018",73.73
"04/19/2018",74.85
"04/20/2018",74.62
"04/23/2018",74.54
"04/24/2018",75.86
"04/25/2018",73.79
"04/26/2018",75.39
"04/27/2018",75.33
"04/30/2018",75.92
"05/01/2018",74.85
"05/02/2018",73.14
"05/03/2018",73.45
"05/04/2018",74.75
"05/08/2018",74.16
"05/09/2018",77.6
"05/10/2018",77.59
"05/11/2018",77.37
"05/14/2018",78.17
"05/15/2018",78.94
"05/16/2018",78.19
"05/17/2018",80.09
"05/18/2018",78.38
"05/21/2018",78.34
"05/22/2018",80.42
"05/23/2018",78.69
"05/24/2018",78.9
"05/25/2018",76.6
"05/29/2018",74.51
"05/30/2018",75.89
"05/31/2018",76.45
"06/01/2018",74.54
"06/04/2018",73.41
"06/05/2018",72.91
"06/06/2018",73.23
"06/07/2018",75.23
"06/08/2018",75.11
"06/11/2018",74.58
"06/12/2018",74.86
"06/13/2018",75.07
"06/14/2018",74.77
"06/15/2018",72.02
"06/18/2018",74.87
"06/19/2018",74.92
"06/20/2018",74.25
"06/21/2018",72.87
"06/22/2018",73.67
"06/25/2018",72.82
"06/26/2018",73.58
"06/27/2018",76.09
"06/28/2018",76.26
"06/29/2018",77.44
"07/02/2018",76.71
"07/03/2018",75.87
"07/04/2018",76.99
"07/05/2018",77.09
"07/06/2018",74.98
"07/09/2018",77.08
"07/10/2018",77.8
"07/11/2018",75.35
"07/12/2018",72.11
"07/13/2018",74.11
"07/16/2018",71.03
"07/17/2018",70.87
"07/18/2018",70.52
"07/19/2018",71.94
"07/20/2018",71.99
"07/23/2018",73.45
"07/24/2018",73.53
"07/25/2018",73.67
"07/26/2018",74.51
"07/27/2018",74.84
"07/30/2018",74.99
"07/31/2018",74.16
"08/01/2018",72.28
"08/02/2018",72.95
"08/03/2018",72.48
"08/06/2018",72.51
"08/07/2018",72.31
"08/08/2018",70.71
"08/09/2018",70.55
"08/10/2018",71
"08/13/2018",70.62
"08/14/2018",70.77
"08/15/2018",68.38
"08/16/2018",69.21
"08/17/2018",70.14
"08/20/2018",71.11
"08/21/2018",71.65
"08/22/2018",72.96
"08/23/2018",73.73
"08/24/2018",74.41
"08/27/2018",74.41
"08/28/2018",75.91
"08/29/2018",76.07
"08/30/2018",77.05
"08/31/2018",76.94
"09/03/2018",77.81
"09/04/2018",77.51
"09/05/2018",76.68
"09/06/2018",75.67
"09/07/2018",75.55
"09/10/2018",76.77
"09/11/2018",78.22
"09/12/2018",80.02
"09/13/2018",77.66
"09/14/2018",77.87
"09/17/2018",78.22
"09/18/2018",79.25
"09/19/2018",79.43
"09/20/2018",79.03
"09/21/2018",78.9
"09/24/2018",80.89
"09/25/2018",82.21
"09/26/2018",81.87
"09/27/2018",81.54
"09/28/2018",82.72
"10/01/2018",84.94
"10/02/2018",85.63
"10/03/2018",85.45
"10/04/2018",86.07
"10/05/2018",85.12
"10/08/2018",84.22
"10/09/2018",85.16
"10/10/2018",83.82
"10/11/2018",81.35
"10/12/2018",80.71
"10/15/2018",80.91
"10/16/2018",80.53
"10/17/2018",79.91
"10/18/2018",80.3
"10/19/2018",80.38
"10/22/2018",80.45
"10/23/2018",78.67
"10/24/2018",77.34
"10/25/2018",77.3
"10/26/2018",77.4
"10/29/2018",77.56
"10/30/2018",75.68
"10/31/2018",74.84
"11/01/2018",71.25
"11/02/2018",71.11
"11/05/2018",72.68
"11/06/2018",70.64
"11/07/2018",70.1
"11/08/2018",69.29
"11/09/2018",69.01
"11/12/2018",69.81
"11/13/2018",65.45
"11/14/2018",64.88
"11/15/2018",65.61
"11/16/2018",65.29
"11/19/2018",64.14
"11/20/2018",61.5
"11/21/2018",61.65
"11/22/2018",61.11
"11/23/2018",57.69
"11/26/2018",59.7
"11/27/2018",59.58
"11/28/2018",57.97
"11/29/2018",58.29
"11/30/2018",57.71
"12/03/2018",60.17
"12/04/2018",61.22
"12/05/2018",61.4
"12/06/2018",57.83
"12/07/2018",61.71
"12/10/2018",60.29
"12/11/2018",59.73
"12/12/2018",59.94
"12/13/2018",59.03
"12/14/2018",58.56
"12/17/2018",57.59
"12/18/2018",55.26
"12/19/2018",55.6
"12/20/2018",52.84
"12/21/2018",51.93
"12/27/2018",51.49
"12/28/2018",50.57
"01/02/2019",54.06
"01/03/2019",53.23
"01/04/2019",55.64
"01/07/2019",57.1
"01/08/2019",56.91
"01/09/2019",59.46
"01/10/2019",60.47
"01/11/2019",59.24
"01/14/2019",58.8
"01/15/2019",58.65
"01/16/2019",59.81
"01/17/2019",59.85
"01/18/2019",62.04
"01/21/2019",62.18
"01/22/2019",60.9
"01/23/2019",61.05
"01/24/2019",61.09
"01/25/2019",61.49
"01/28/2019",59.71
"01/29/2019",60.98
"01/30/2019",61.89
"01/31/2019",62.46
"02/01/2019",61.86
"02/04/2019",62.26
"02/05/2019",61.67
"02/06/2019",62.22
"02/07/2019",61.01
"02/08/2019",61.37
"02/11/2019",61.3
"02/12/2019",62.58
"02/13/2019",63.27
"02/14/2019",64
"02/15/2019",65.65
"02/18/2019",66.41
"02/19/2019",65.86
"02/20/2019",66.82
"02/21/2019",66.91
"02/22/2019",66.91
"02/25/2019",64.02
"02/26/2019",64.51
"02/27/2019",65.55
"02/28/2019",65.03
"03/01/2019",63.71
"03/04/2019",64.44
"03/05/2019",64.24
"03/06/2019",64.51
"03/07/2019",64.82
"03/08/2019",65.66
"03/11/2019",65.06
"03/12/2019",65.33
"03/13/2019",65.89
"03/14/2019",66.18
"03/15/2019",66.11
"03/18/2019",66.65
"03/19/2019",67.13
"03/20/2019",68.35
"03/21/2019",68.3
"03/22/2019",66.29
"03/25/2019",67.37
"03/26/2019",67.51
"03/27/2019",67.35
"03/28/2019",66.08
"03/29/2019",67.93
"04/01/2019",69.08
"04/02/2019",69.68
"04/03/2019",69.21
"04/04/2019",69.8
"04/05/2019",69.93
"04/08/2019",71.12
"04/09/2019",71.02
"04/10/2019",71.63
"04/11/2019",71.3
"04/12/2019",71.57
"04/15/2019",70.9
"04/16/2019",70.74
"04/17/2019",71.14
"04/18/2019",70.71
"04/22/2019",70.71
"04/23/2019",74.39
"04/24/2019",73.59
"04/25/2019",74.94
"04/26/2019",71.03
"04/29/2019",71.22
"04/30/2019",72.19
"05/01/2019",72.01
"05/02/2019",70.56
"05/03/2019",71.95
"05/06/2019",71.95
"05/07/2019",70.98
"05/08/2019",71.09
"05/09/2019",70.61
"05/10/2019",71.63
"05/13/2019",72.35
"05/14/2019",72.53
"05/15/2019",73.09
"05/16/2019",74.7
"05/17/2019",73.94
"05/20/2019",73.21
"05/21/2019",72.94
"05/22/2019",71.94
"05/23/2019",68.37
"05/24/2019",67.98
"05/28/2019",70.19
"05/29/2019",70.64
"05/30/2019",69.55
"05/31/2019",66.78
"06/03/2019",63.16
"06/04/2019",63.56
"06/05/2019",62.14
"06/06/2019",62.77
"06/07/2019",64.1
"06/10/2019",64.31
"06/11/2019",63.56
"06/12/2019",61.66
"06/13/2019",63.28
"06/14/2019",63.13
"06/17/2019",62.56
"06/18/2019",63.35
"06/19/2019",62.85
"06/20/2019",65.44
"06/21/2019",65.99
"06/24/2019",65.16
"06/25/2019",66.24
"06/26/2019",66.85
"06/27/2019",66.78
"06/28/2019",67.52
"07/01/2019",65.1
"07/02/2019",62.72
"07/03/2019",63.53
"07/04/2019",63.62
"07/05/2019",64.23
"07/08/2019",64.89
"07/09/2019",64.3
"07/10/2019",66.41
"07/11/2019",67.64
"07/12/2019",66.65
"07/15/2019",66.86
"07/16/2019",65.87
"07/17/2019",63.67
"07/18/2019",60.7
"07/19/2019",61.04
"07/22/2019",61.96
"07/23/2019",62.28
"07/24/2019",63.83
"07/25/2019",63.47
"07/26/2019",62.46
"07/29/2019",62.29
"07/30/2019",62.55
"07/31/2019",64.07
"08/01/2019",62.9
"08/02/2019",61.12
"08/05/2019",59.32
"08/06/2019",58.63
"08/07/2019",55.03
"08/08/2019",56.29
"08/09/2019",57.37
"08/12/2019",57.13
"08/13/2019",59.9
"08/14/2019",57.86
"08/15/2019",57.37
"08/16/2019",59
"08/19/2019",59.79
"08/20/2019",59.03
"08/21/2019",60.6
"08/22/2019",59.81
"08/23/2019",58.64
"08/26/2019",58.64
"08/27/2019",58.44
"08/28/2019",60.42
"08/29/2019",60.59
"08/30/2019",61.04
"09/02/2019",58.55
"09/03/2019",57.93
"09/04/2019",60.68
"09/05/2019",62.7
"09/06/2019",61.28
"09/09/2019",63.99
"09/10/2019",64.67
"09/11/2019",63.02
"09/12/2019",60.76
"09/13/2019",61.25
"09/16/2019",68.42
"09/17/2019",65.59
"09/18/2019",64.29
"09/19/2019",64.25
"09/20/2019",65.23
"09/23/2019",64.66
"09/24/2019",64.13
"09/25/2019",62.41
"09/26/2019",62.08
"09/27/2019",62.48
"09/30/2019",60.99
"10/01/2019",60.06
"10/02/2019",57.92
"10/03/2019",58.01
"10/04/2019",59.13
"10/07/2019",59.46
"10/08/2019",58.14
"10/09/2019",59.7
"10/10/2019",59.08
"10/11/2019",60.59
"10/14/2019",58.81
"10/15/2019",59.19
"10/16/2019",59.3
"10/17/2019",59.35
"10/18/2019",59.96
"10/21/2019",58.95
"10/22/2019",60.5
"10/23/2019",60.52
"10/24/2019",61.71
"10/25/2019",62.06
"10/28/2019",60.39
"10/29/2019",61.05
"10/30/2019",60.22
"10/31/2019",59.3
"11/01/2019",60.17
"11/04/2019",62.52
"11/05/2019",62.72
"11/06/2019",62.11
"11/07/2019",62.6
"11/08/2019",62
"11/11/2019",62.58
"11/12/2019",62.19
"11/13/2019",62.27
"11/14/2019",62.46
"11/15/2019",63.32
"11/18/2019",62.82
"11/19/2019",62.37
"11/20/2019",63.8
"11/21/2019",64.99
"11/22/2019",64.83
"11/25/2019",64.67
"11/26/2019",64.82
"11/27/2019",65.03
"11/28/2019",64.68
"11/29/2019",64.5
"12/02/2019",63.2
"12/03/2019",62.95
"12/04/2019",65.25
"12/05/2019",65.67
"12/06/2019",66.5
"12/09/2019",66.44
"12/10/2019",66.57
"12/11/2019",65.37
"12/12/2019",66.67
"12/13/2019",67.44
"12/16/2019",68.04
"12/17/2019",68.99
"12/18/2019",69.12
"12/19/2019",69.7
"12/20/2019",68.66
"12/23/2019",67.49
"12/24/2019",69.26
"12/26/2019",69.26
"12/27/2019",68.91
"12/30/2019",68.3
"12/31/2019",67.77
"01/02/2020",67.05
"01/03/2020",69.08
"01/06/2020",70.25
"01/07/2020",68.74
"01/08/2020",67.31
"01/09/2020",66.58
"01/10/2020",66.77
"01/13/2020",64.14
"01/14/2020",64.45
"01/15/2020",63.29
"01/16/2020",64.63
"01/17/2020",64.05
"01/20/2020",64.63
"01/21/2020",63.66
"01/22/2020",62.11
"01/23/2020",61.26
"01/24/2020",59.34
"01/27/2020",58.54
"01/28/2020",59.37
"01/29/2020",59.46
"01/30/2020",57.72
"01/31/2020",57.77
"02/03/2020",54
"02/04/2020",53.9
"02/05/2020",55.36
"02/06/2020",55.18
"02/07/2020",54.53
"02/10/2020",53.39
"02/11/2020",54
"02/12/2020",55.54
"02/13/2020",56.34
"02/14/2020",57.37
"02/17/2020",57.83
"02/18/2020",57.35
"02/19/2020",59.72
"02/20/2020",59.57
"02/21/2020",58.6
"02/24/2020",56.71
"02/25/2020",55.29
"02/26/2020",54.96
"02/27/2020",52.19
"02/28/2020",51.31
"03/02/2020",52.52
"03/03/2020",52.24
"03/04/2020",51.86
"03/05/2020",51.29
"03/06/2020",45.6
"03/09/2020",35.33
"03/10/2020",35.57
"03/11/2020",34.45
"03/12/2020",31.02
"03/13/2020",32.25
"03/16/2020",27.98
"03/17/2020",27.97
"03/18/2020",22.79
"03/19/2020",23.98
"03/20/2020",25.55
"03/23/2020",23.75
"03/24/2020",24.5
"03/25/2020",25.62
"03/26/2020",23.55
"03/27/2020",22.39
"03/30/2020",19.19
"03/31/2020",14.85
"04/01/2020",14.97
"04/02/2020",20.24
"04/03/2020",24.33
"04/06/2020",22.58
"04/07/2020",22.1
"04/08/2020",25.22
"04/09/2020",20.23
"04/14/2020",21.74
"04/15/2020",19.8
"04/16/2020",18.69
"04/17/2020",19.75
"04/20/2020",17.36
"04/21/2020",9.12
"04/22/2020",13.77
"04/23/2020",15.06
"04/24/2020",15.87
"04/27/2020",15.17
"04/28/2020",15.6
"04/29/2020",17.86
"04/30/2020",18.11
"05/01/2020",18.49
"05/04/2020",20.4
"05/05/2020",25.46
"05/06/2020",24.2
"05/07/2020",24.23
"05/11/2020",25.53
"05/12/2020",26.67
"05/13/2020",27.89
"05/14/2020",29.87
"05/15/2020",30.95
"05/18/2020",33.3
"05/19/2020",33.06
"05/20/2020",34.76
"05/21/2020",34.78
"05/22/2020",33.8
"05/26/2020",33.95
"05/27/2020",32.73
"05/28/2020",33.98
"05/29/2020",34.15
"06/01/2020",36.74
"06/02/2020",37.72
"06/03/2020",37.98
"06/04/2020",38.41
"06/05/2020",41
"06/08/2020",39.66
"06/09/2020",40.45
"06/10/2020",41.18
"06/11/2020",37.76
"06/12/2020",38.54
"06/15/2020",39.44
"06/16/2020",40.75
"06/17/2020",40.47
"06/18/2020",41.75
"06/19/2020",42.33
"06/22/2020",43.2
"06/23/2020",42.72
"06/24/2020",40.4
"06/25/2020",41.18
"06/26/2020",40.97
"06/29/2020",41.58
"06/30/2020",41.64
"07/01/2020",42.18
"07/02/2020",43.19
"07/03/2020",42.92
"07/06/2020",42.73
"07/07/2020",43.28
"07/08/2020",43.67
"07/09/2020",42.35
"07/10/2020",43.27
"07/13/2020",42.85
"07/14/2020",42.97
"07/15/2020",43.96
"07/16/2020",43.71
"07/17/2020",43.53
"07/20/2020",43.3
"07/21/2020",44.31
"07/22/2020",43.98
"07/23/2020",42.96
"07/24/2020",43.29
"07/27/2020",43.39
"07/28/2020",43.11
"07/29/2020",43.51
"07/30/2020",42.98
"07/31/2020",43.13
"08/03/2020",43.76
"08/04/2020",43.99
"08/05/2020",44.92
"08/06/2020",45.04
"08/07/2020",44.07
"08/10/2020",44.19
"08/11/2020",43.68
"08/12/2020",45.09
"08/13/2020",44.87
"08/14/2020",44.86
"08/17/2020",44.91
"08/18/2020",45.34
"08/19/2020",45.21
"08/20/2020",44.56
"08/21/2020",43.94
"08/24/2020",44.43
"08/25/2020",46.01
"08/26/2020",45.79
"08/27/2020",44.84
"08/28/2020",45.22
"09/01/2020",45.72
"09/02/2020",42.7
"09/03/2020",42.72
"09/04/2020",41.1
"09/07/2020",40.67
"09/08/2020",38.53
"09/09/2020",39.98
"09/10/2020",39.27
"09/11/2020",38.8
"09/14/2020",38.57
"09/15/2020",39.54
"09/16/2020",41.23
"09/17/2020",42.35
"09/18/2020",42.16
"09/21/2020",40.37
"09/22/2020",40.84
"09/23/2020",41.09
"09/24/2020",41.24
"09/25/2020",40.91
"09/28/2020",41.59
"09/29/2020",40.33
"09/30/2020",40.3
"10/01/2020",39.75
"10/02/2020",38
"10/05/2020",39.78
"10/06/2020",41.27
"10/07/2020",40.62
"10/08/2020",42
"10/09/2020",41.63
"10/12/2020",40.5
"10/13/2020",41.34
"10/14/2020",41.81
"10/15/2020",41.61
"10/16/2020",41.34
"10/19/2020",41.29
"10/20/2020",41.62
"10/21/2020",40.09
"10/22/2020",41.28
"10/23/2020",40.71
"10/26/2020",39.06
"10/27/2020",39.72
"10/28/2020",37.86
"10/29/2020",36.56
"10/30/2020",36.33
"11/02/2020",37.78
"11/03/2020",38.17
"11/04/2020",39.68
"11/05/2020",39.47
"11/06/2020",38.08
"11/09/2020",40.93
"11/10/2020",42.25
"11/11/2020",42.5
"11/12/2020",42.16
"11/13/2020",41.51
"11/16/2020",42.71
"11/17/2020",42.54
"11/18/2020",42.91
"11/19/2020",43.09
"11/20/2020",43.79
"11/23/2020",45
"11/24/2020",46.63
"11/25/2020",47.3
"11/26/2020",46.32
"11/27/2020",46.88
"11/30/2020",46.84
"12/01/2020",47.03
"12/02/2020",47.8
"12/03/2020",48.37
"12/04/2020",49.1
"12/07/2020",48.63
"12/08/2020",48.84
"12/09/2020",48.81
"12/10/2020",50.33
"12/11/2020",50.01
"12/14/2020",50.27
"12/15/2020",50.77
"12/16/2020",50.83
"12/17/2020",51.2
"12/18/2020",52.17
"12/21/2020",50.61
"12/22/2020",49.88
"12/23/2020",51.05
"12/24/2020",50.88
"12/28/2020",50.88
"12/29/2020",50.44
"12/30/2020",50.74
"12/31/2020",51.22
"01/04/2021",50.37
"01/05/2021",53.16
"01/06/2021",53.8
"01/07/2021",53.7
"01/08/2021",55.51
"01/11/2021",54.84
"01/12/2021",55.98
"01/13/2021",55.52
"01/14/2021",55.76
"01/15/2021",54.8
"01/18/2021",54.21
"01/19/2021",55.38
"01/20/2021",55.66
"01/21/2021",55.68
"01/22/2021",55.22
"01/25/2021",55.44
"01/26/2021",55.26
"01/27/2021",55.07
"01/28/2021",54.87
"01/29/2021",55.25
"02/01/2021",56.42
"02/02/2021",57.62
"02/03/2021",58.61
"02/04/2021",58.98
"02/05/2021",59.48
"02/08/2021",60.17
"02/09/2021",60.74
"02/10/2021",61.17
"02/11/2021",61.09
"02/12/2021",62.47
"02/15/2021",63.58
"02/16/2021",63.96
"02/17/2021",65.02
"02/18/2021",64.09
"02/19/2021",62.84
"02/22/2021",64.73
"02/23/2021",65.16
"02/24/2021",66.85
"02/25/2021",66.69
"02/26/2021",65.86
"03/01/2021",64.56
"03/02/2021",63.17
"03/03/2021",64.7
"03/04/2021",67.32
"03/05/2021",69.95
"03/08/2021",68
"03/09/2021",67.03
"03/10/2021",67.53
"03/11/2021",69.34
"03/12/2021",68.87
"03/15/2021",68.78
"03/16/2021",67.95
"03/17/2021",67.73
"03/18/2021",62.11
"03/19/2021",64
"03/22/2021",63.89
"03/23/2021",59.96
"03/24/2021",63.7
"03/25/2021",61.21
"03/26/2021",63.77
"03/29/2021",64.06
"03/30/2021",63.28
"03/31/2021",63.52
"04/01/2021",63.85
"04/06/2021",61.47
"04/07/2021",61.86
"04/08/2021",62.09
"04/09/2021",61.89
"04/12/2021",62.38
"04/13/2021",62.83
"04/14/2021",66.11
"04/15/2021",66.13
"04/16/2021",65.98
"04/19/2021",66.54
"04/20/2021",65.34
"04/21/2021",64.02
"04/22/2021",65.07
"04/23/2021",65.75
"04/26/2021",65.5
"04/27/2021",66.25
"04/28/2021",67.08
"04/29/2021",68.26
"04/30/2021",67.73
"05/04/2021",68.91
"05/05/2021",69.71
"05/06/2021",68.62
"05/07/2021",68.73
"05/10/2021",68.61
"05/11/2021",68.83
"05/12/2021",69.62
"05/13/2021",67.36
"05/14/2021",69.24
"05/17/2021",69.62
"05/18/2021",69.01
"05/19/2021",66.88
"05/20/2021",65.18
"05/21/2021",66.72
"05/24/2021",68.59
"05/25/2021",68.8
"05/26/2021",68.93
"05/27/2021",69.43
"05/28/2021",69.36
"06/01/2021",70.03
"06/02/2021",70.6
"06/03/2021",70.71
"06/04/2021",71.3
"06/07/2021",70.89
"06/08/2021",71.39
"06/09/2021",71.31
"06/10/2021",71.65
"06/11/2021",72.05
"06/14/2021",72.27
"06/15/2021",73.38
"06/16/2021",73.88
"06/17/2021",72.92
"06/18/2021",73.1
"06/21/2021",74.49
"06/22/2021",74.92
"06/23/2021",75.22
"06/24/2021",75.95
"06/25/2021",76.45
"06/28/2021",74.78
"06/29/2021",75.38
"06/30/2021",76.94
"07/01/2021",76.69
"07/02/2021",77.51
"07/05/2021",78.34
"07/06/2021",75.81
"07/07/2021",74.31
"07/08/2021",75.07
"07/09/2021",77.14
"07/12/2021",76.77
"07/13/2021",77.5
"07/14/2021",75.74
"07/15/2021",74.53
"07/16/2021",74.46
"07/19/2021",69.33
"07/20/2021",70.03
"07/21/2021",72.54
"07/22/2021",74.25
"07/23/2021",74.86
"07/26/2021",74.79
"07/27/2021",74.87
"07/28/2021",75.09
"07/29/2021",76.3
"07/30/2021",77.72
"08/02/2021",73.91
"08/03/2021",73.24
"08/04/2021",70.99
"08/05/2021",72.14
"08/06/2021",71.02
"08/09/2021",69.65
"08/10/2021",71.14
"08/11/2021",71.99
"08/12/2021",71.79
"08/13/2021",70.9
"08/16/2021",70.07
"08/17/2021",69.4
"08/18/2021",68.61
"08/19/2021",66.8
"08/20/2021",65.51
"08/23/2021",69.07
"08/24/2021",71.21
"08/25/2021",72.12
"08/26/2021",70.42
"08/27/2021",72.26
"08/31/2021",73.45
"09/01/2021",71.99
"09/02/2021",73.56
"09/03/2021",73.07
"09/06/2021",72.43
"09/07/2021",71.52
"09/08/2021",72.36
"09/09/2021",71.32
"09/10/2021",72.44
"09/13/2021",72.97
"09/14/2021",73.05
"09/15/2021",74.84
"09/16/2021",75.14
"09/17/2021",74.64
"09/20/2021",73.59
"09/21/2021",73.65
"09/22/2021",75.5
"09/23/2021",76.44
"09/24/2021",77.42
"09/27/2021",78.85
"09/28/2021",78.3
"09/29/2021",77.86
"09/30/2021",77.81
"10/01/2021",79.4
"10/04/2021",81.44
"10/05/2021",82.72
"10/06/2021",81.39
"10/07/2021",82.34
"10/08/2021",82.17
"10/11/2021",83.75
"10/12/2021",83.53
"10/13/2021",83.53
"10/14/2021",83.86
"10/15/2021",84.67
"10/18/2021",84.13
"10/19/2021",85.02
"10/20/2021",85.76
"10/21/2021",84.58
"10/22/2021",85.43
"10/25/2021",84.85
"10/26/2021",85.11
"10/27/2021",84.12
"10/28/2021",83.4
"10/29/2021",83.1
"11/01/2021",84.51
"11/02/2021",84.42
"11/03/2021",81.1
"11/04/2021",80.15
"11/05/2021",82.43
"11/08/2021",83.22
"11/09/2021",84.52
"11/10/2021",82.91
"11/11/2021",83.4
"11/12/2021",82.9
"11/15/2021",81.94
"11/16/2021",82.85
"11/17/2021",80.67
"11/18/2021",82.45
"11/19/2021",80.24
"11/22/2021",80.97
"11/23/2021",83.43
"11/24/2021",82.37
"11/25/2021",82.05
"11/26/2021",72.37
"11/29/2021",73.34
"11/30/2021",70.86
"12/01/2021",69.53
"12/02/2021",70.56
"12/03/2021",70.71
"12/06/2021",73.38
"12/07/2021",75.54
"12/08/2021",75.94
"12/09/2021",74.1
"12/10/2021",74.98
"12/13/2021",74.12
"12/14/2021",73.37
"12/15/2021",73.71
"12/16/2021",74.64
"12/17/2021",72.97
"12/20/2021",70.51
"12/21/2021",72.85
"12/22/2021",74.69
"12/23/2021",76.26
"12/24/2021",75.24
"12/29/2021",78.63
"12/30/2021",78.61
"12/31/2021",77.24
"01/03/2022",78.25
"01/04/2022",79.39
"01/05/2022",80.6
"01/06/2022",81.99
"01/07/2022",82.28
"01/10/2022",81.56
"01/11/2022",84.98
"01/12/2022",85.83
"01/13/2022",85.8
"01/14/2022",87.17
"01/17/2022",87.82
"01/18/2022",88.83
"01/19/2022",89.64
"01/20/2022",89.75
"01/21/2022",89.75
"01/24/2022",87.74
"01/25/2022",89.49
"01/26/2022",91.22
"01/27/2022",90.7
"01/28/2022",91.47
"01/31/2022",92.35
"02/01/2022",90.24
"02/02/2022",91.43
"02/03/2022",92.99
"02/04/2022",96.86
"02/07/2022",97.28
"02/08/2022",96.07
"02/09/2022",94.95
"02/10/2022",96.37
"02/11/2022",97.5
"02/14/2022",101.66
"02/15/2022",98.43
"02/16/2022",97.44
"02/17/2022",95.28
"02/18/2022",96.18
"02/21/2022",98.95
"02/22/2022",98.73
"02/23/2022",99.29
"02/24/2022",101.29
"02/25/2022",98.56
"02/28/2022",103.08
"03/01/2022",110.93
"03/02/2022",118.94
"03/03/2022",115.36
"03/04/2022",123.86
"03/07/2022",129.02
"03/08/2022",133.18
"03/09/2022",116.58
"03/10/2022",114.54
"03/11/2022",118.11
"03/14/2022",110.39
"03/15/2022",105.14
"03/16/2022",104.61
"03/17/2022",113.5
"03/18/2022",114.32
"03/21/2022",122.29
"03/22/2022",121.53
"03/23/2022",127.52
"03/24/2022",123.98
"03/25/2022",122.67
"03/28/2022",114.5
"03/29/2022",112.79
"03/30/2022",115.59
"03/31/2022",107.29
"04/01/2022",106.13
"04/04/2022",108.15
"04/05/2022",106.6
"04/06/2022",100.81
"04/07/2022",99.83
"04/08/2022",101.26
"04/11/2022",97.92
"04/12/2022",104.42
"04/13/2022",108.49
"04/14/2022",110.83
"04/19/2022",105.49
"04/20/2022",105.05
"04/21/2022",107.2
"04/22/2022",105.15
"04/25/2022",99.27
"04/26/2022",102.89
"04/27/2022",103.3
"04/28/2022",105.78
"04/29/2022",108.36
"05/03/2022",104.94
"05/04/2022",110.53
"05/05/2022",112.11
"05/06/2022",113.86
"05/09/2022",106.67
"05/10/2022",102.61
"05/11/2022",107.7
"05/12/2022",108.06
"05/13/2022",112.12
"05/16/2022",114.86
"05/17/2022",112.89
"05/18/2022",110.04
"05/19/2022",113.22
"05/20/2022",113.63
"05/23/2022",115.13
"05/24/2022",115.77
"05/25/2022",116.41
"05/26/2022",119.81
"05/27/2022",121.19
"05/30/2022",123.01
"05/31/2022",125.53
"06/01/2022",122.2
"06/03/2022",125.68
"06/06/2022",124.99
"06/07/2022",126.89
"06/08/2022",129.2
"06/09/2022",128.47
"06/10/2022",127.44
"06/13/2022",128.44
"06/14/2022",127.02
"06/15/2022",124.96
"06/16/2022",125.78
"06/17/2022",119.22
"06/20/2022",118.25
"06/21/2022",118.51
"06/22/2022",115.54
"06/23/2022",114.5
"06/24/2022",117.36
"06/27/2022",119.69
"06/28/2022",122.21
"06/29/2022",120.8
"06/30/2022",119.78
"07/01/2022",119.21
"07/04/2022",121.8
"07/05/2022",110.49
"07/06/2022",108.54
"07/07/2022",113.4
"07/08/2022",113.95
"07/11/2022",114.85
"07/12/2022",106.98
"07/13/2022",107.17
"07/14/2022",107.74
"07/15/2022",112.26
"07/18/2022",117.27
"07/19/2022",114.96
"07/20/2022",115.86
"07/21/2022",112.81
"07/22/2022",106.77
"07/25/2022",108.23
"07/26/2022",107.32
"07/27/2022",109.64
"07/28/2022",109.68
"07/29/2022",111.51
"08/01/2022",106.09
"08/02/2022",106.51
"08/03/2022",101.82
"08/04/2022",97.99
"08/05/2022",100.31
"08/08/2022",103.46
"08/09/2022",103.81
"08/10/2022",105.06
"08/11/2022",107.19
"08/12/2022",103.7
"08/15/2022",98.25
"08/16/2022",95.36
"08/17/2022",97.22
"08/18/2022",96.35
"08/19/2022",96.45
"08/22/2022",95.06
"08/23/2022",99.49
"08/24/2022",99.87
"08/25/2022",98.81
"08/26/2022",101.13
"08/30/2022",99.34
"08/31/2022",96.55
"09/01/2022",92.24
"09/02/2022",93.09
"09/05/2022",94.22
"09/06/2022",91.43
"09/07/2022",86.83
"09/08/2022",87.99
"09/09/2022",91.68
"09/12/2022",93.45
"09/13/2022",92.04
"09/14/2022",92.83
"09/15/2022",89.28
"09/16/2022",89.43
"09/20/2022",89.62
"09/21/2022",89.86
"09/22/2022",90.4
"09/23/2022",84.29
"09/26/2022",82.55
"09/27/2022",85.97
"09/28/2022",89.55
"09/29/2022",89.41
"09/30/2022",88.9
"10/03/2022",90.68
"10/04/2022",93.74
"10/05/2022",94.35
"10/06/2022",95.65
"10/07/2022",98.88
"10/10/2022",97.13
"10/11/2022",95.17
"10/12/2022",93.44
"10/13/2022",95.16
"10/14/2022",92.22
"10/17/2022",91.04
"10/18/2022",89.46
"10/19/2022",91.34
"10/20/2022",91.52
"10/21/2022",91.82
"10/24/2022",91.57
"10/25/2022",91.76
"10/26/2022",92.93
"10/27/2022",94.17
"10/28/2022",94.64
"10/31/2022",93.3
"11/01/2022",95.12
"11/02/2022",96.07
"11/03/2022",95.29
"11/04/2022",99.53
"11/07/2022",99.87
"11/08/2022",96.85
"11/09/2022",93.05
"11/10/2022",94.25
"11/11/2022",96.37
"11/14/2022",93.59
"11/15/2022",94.3
"11/16/2022",92.61
"11/17/2022",91
"11/18/2022",88.93
"11/21/2022",88.44
"11/22/2022",88.65
"11/23/2022",85.9
"11/24/2022",85.59
"11/25/2022",83.4
"11/28/2022",83.5
"11/29/2022",83.22
"11/30/2022",85.61
"12/01/2022",86.28
"12/02/2022",86.54
"12/05/2022",83.36
"12/06/2022",79.92
"12/07/2022",77.11
"12/08/2022",76.02
"12/09/2022",76.37
"12/12/2022",78
"12/13/2022",80.14
"12/14/2022",83.33
"12/15/2022",82.34
"12/16/2022",80.2
"12/19/2022",81.66
"12/20/2022",79.45
"12/21/2022",80.25
"12/22/2022",79.58
"12/23/2022",82.45
"12/28/2022",81.7
"12/29/2022",80.96
"12/30/2022",82.82
"01/03/2023",80.36
"01/04/2023",75.31
"01/05/2023",76.73
"01/06/2023",76.41
"01/09/2023",77.5
"01/10/2023",78.4
"01/11/2023",81.11
"01/12/2023",82.59
"01/13/2023",83.43
"01/16/2023",82.65
"01/17/2023",84.38
"01/18/2023",83.78
"01/19/2023",85.08
"01/20/2023",86.96
"01/23/2023",87.54
"01/24/2023",85.25
"01/25/2023",85.08
"01/26/2023",86.29
"01/27/2023",85.36
"01/30/2023",84.9
"01/31/2023",83.42
"02/01/2023",81.61
"02/02/2023",80.57
"02/03/2023",78.85
"02/06/2023",80.48
"02/07/2023",82.92
"02/08/2023",84.17
"02/09/2023",83.46
"02/10/2023",85.46
"02/13/2023",85.98
"02/14/2023",84.96
"02/15/2023",84.11
"02/16/2023",83.84
"02/17/2023",81.97
"02/20/2023",82.79
"02/21/2023",82.14
"02/22/2023",79.55
"02/23/2023",82.08
"02/24/2023",82.31
"02/27/2023",81.24
"02/28/2023",83.21
"03/01/2023",83.68
"03/02/2023",84.15
"03/03/2023",85.74
"03/06/2023",85.86
"03/07/2023",83.03
"03/08/2023",82.1
"03/09/2023",81
"03/10/2023",82.3
"03/13/2023",79.67
"03/14/2023",76.77
"03/15/2023",74.3
"03/16/2023",73.12
"03/17/2023",71.03
"03/20/2023",72.42
"03/21/2023",74.78
"03/22/2023",76.08
"03/23/2023",74.31
"03/24/2023",73.63
"03/27/2023",76.8
"03/28/2023",78.07
"03/29/2023",77.51
"03/30/2023",78.45
"03/31/2023",79.19
"04/03/2023",85.81
"04/04/2023",85.7
"04/05/2023",85.89
"04/06/2023",86.56
"04/11/2023",87.32
"04/12/2023",88.31
"04/13/2023",86.51
"04/14/2023",87.31
"04/17/2023",85.63
"04/18/2023",85.48
"04/19/2023",85.34
"04/20/2023",83.29
"04/21/2023",83.36
"04/24/2023",84.23
"04/25/2023",82.13
"04/26/2023",79.19
"04/27/2023",80.11
"04/28/2023",81.32
"05/02/2023",76.71
"05/03/2023",72.91
"05/04/2023",73
"05/05/2023",75.85
"05/09/2023",77.76
"05/10/2023",76.7
"05/11/2023",75.32
"05/12/2023",74.54
"05/15/2023",75.46
"05/16/2023",75.15
"05/17/2023",76.98
"05/18/2023",75.75
"05/19/2023",75.42
"05/22/2023",75.77
"05/23/2023",76.66
"05/24/2023",77.99
"05/25/2023",75.66
"05/26/2023",76.33
"05/30/2023",73.38
"05/31/2023",71.98
"06/01/2023",74.18
"06/02/2023",76
"06/05/2023",76.61
"06/06/2023",76.22
"06/07/2023",76.85
"06/08/2023",75.88
"06/09/2023",74.74
"06/12/2023",71.8
"06/13/2023",74.24
"06/14/2023",73.39
"06/15/2023",75.75
"06/16/2023",76.76
"06/19/2023",76.09
"06/20/2023",75.79
"06/21/2023",76.92
"06/22/2023",73.93
"06/23/2023",73.56
"06/26/2023",73.86
"06/27/2023",71.88
"06/28/2023",73.64
"06/29/2023",73.86
"06/30/2023",74.51
"07/03/2023",74.52
"07/04/2023",76.23
"07/05/2023",76.74
"07/06/2023",76.72
"07/07/2023",78.77
"07/10/2023",77.83
"07/11/2023",79.54
"07/12/2023",80.35
"07/13/2023",81.31
"07/14/2023",79.9
"07/17/2023",77.8
"07/18/2023",79.54
"07/19/2023",79.38
"07/20/2023",79.62
"07/21/2023",81.06
"07/24/2023",82.53
"07/25/2023",83.46
"07/26/2023",82.98
"07/27/2023",84.28
"07/28/2023",84.49
"07/31/2023",85.22
"08/01/2023",85.34
"08/02/2023",84.01
"08/03/2023",86.19
"08/04/2023",87.38
"08/07/2023",86.47
"08/08/2023",88
"08/09/2023",89.31
"08/10/2023",87.44
"08/11/2023",87.93
"08/14/2023",87.4
"08/15/2023",86.28
"08/16/2023",84.49
"08/17/2023",85.24
"08/18/2023",85.92
"08/21/2023",85.44
"08/22/2023",84.7
"08/23/2023",83.94
"08/24/2023",84.07
"08/25/2023",85.42
"08/29/2023",86.37
"08/30/2023",86.62
"08/31/2023",87.29
"09/01/2023",89.98
"09/04/2023",90.42
"09/05/2023",91.25
"09/06/2023",91.79
"09/07/2023",91.16
"09/08/2023",91.85
"09/11/2023",91.97
"09/12/2023",93.58
"09/13/2023",93.04
"09/14/2023",95.2
"09/15/2023",95.55
"09/18/2023",95.95
"09/19/2023",96.11
"09/20/2023",94.56
"09/21/2023",93.7
"09/22/2023",93.99
"09/25/2023",94.01
"09/26/2023",94.46
"09/27/2023",97.1
"09/28/2023",96.64
"09/29/2023",95.86
"10/02/2023",91.21
"10/03/2023",94.46
"10/04/2023",89.83
"10/05/2023",88.28
"10/06/2023",87.86
"10/09/2023",91.37
"10/10/2023",90.7
"10/11/2023",87.58
"10/12/2023",88.4
"10/13/2023",94.33
"10/16/2023",90.99
"10/17/2023",92.52
"10/18/2023",91.99
"10/19/2023",93.12
"10/20/2023",93.72
"10/23/2023",91.88
"10/24/2023",88
"10/25/2023",90.14
"10/26/2023",88.45
"10/27/2023",90.73
"10/30/2023",90.73
"10/31/2023",86.82
"11/01/2023",86.92
"11/02/2023",89.02
"11/03/2023",87.55
"11/06/2023",87.31
"11/07/2023",83.43
"11/08/2023",81.46
"11/09/2023",81.74
"11/10/2023",83.66
"11/13/2023",84.09
"11/14/2023",84.2
"11/15/2023",82.4
"11/16/2023",77.73
"11/17/2023",81.22
"11/20/2023",83.25
"11/21/2023",82.42
"11/22/2023",81.76
"11/23/2023",80.85
"11/24/2023",79.82
"11/27/2023",79.49
"11/28/2023",81.66
"11/29/2023",82.98
"11/30/2023",81.72
"12/01/2023",78.72
"12/04/2023",78.16
"12/05/2023",77.27
"12/06/2023",74.33
"12/07/2023",74.21
"12/08/2023",75.94
"12/11/2023",75.75
"12/12/2023",74.11
"12/13/2023",74.14
"12/14/2023",77.05
"12/15/2023",76.84
"12/18/2023",78.89
"12/19/2023",79.82
"12/20/2023",81.1
"12/21/2023",80.73
"12/22/2023",80.23
"12/27/2023",80.97
"12/28/2023",79.04
"12/29/2023",77.69
"01/02/2024",76.24
"01/03/2024",77.18
"01/04/2024",75.79
"01/05/2024",78.31
"01/08/2024",75.47
"01/09/2024",77.97
"01/10/2024",78.46
"01/11/2024",80.21
"01/12/2024",79.89
"01/15/2024",79.76
"01/16/2024",80.15
"01/17/2024",78.88
"01/18/2024",81.04
"01/19/2024",80.71
"01/22/2024",81.7
"01/23/2024",82.04
"01/24/2024",82.15
"01/25/2024",82.33
"01/26/2024",83.34
"01/29/2024",83.99
"01/30/2024",84.14
"01/31/2024",82.98
"02/01/2024",82.2
"02/02/2024",79.54
"02/05/2024",79.3
"02/06/2024",80.46
"02/07/2024",81.18
"02/08/2024",83.01
"02/09/2024",83.58
"02/12/2024",83.88
"02/13/2024",84.72
"02/14/2024",84.41
"02/15/2024",84.33
"02/16/2024",84.88
"02/19/2024",85.52
"02/20/2024",84.78
"02/21/2024",84.77
"02/22/2024",85.84
"02/23/2024",84.18
"02/26/2024",84.01
"02/27/2024",83.8
"02/28/2024",84.08
"02/29/2024",84.57
"03/01/2024",84.82
"03/04/2024",86.58
"03/05/2024",85.82
"03/06/2024",86.59
"03/07/2024",84.88
"03/08/2024",84.29
"03/11/2024",83.44
"03/12/2024",83.66
"03/13/2024",83.95
"03/14/2024",86.16
"03/15/2024",85.39
"03/18/2024",86.47
"03/19/2024",87.36
"03/20/2024",85.77
"03/21/2024",84.92
"03/22/2024",84.87
"03/25/2024",86.18
"03/26/2024",85.91
"03/27/2024",84.94
"03/28/2024",86.17
"04/02/2024",87.63
"04/03/2024",90.6
"04/04/2024",90.32
"04/05/2024",92.81
"04/08/2024",91.73
"04/09/2024",92.13
"04/10/2024",91.57
"04/11/2024",91.49
"04/12/2024",93.12
"04/15/2024",90.84
"04/16/2024",91.29
"04/17/2024",89.54
"04/18/2024",88.34
"04/19/2024",87.96
"04/22/2024",87.3
"04/23/2024",88.29
"04/24/2024",89.02
"04/25/2024",88.1
"04/26/2024",89.95
"04/29/2024",88.44
"04/30/2024",88.23
"05/01/2024",83.55
"05/02/2024",84.81
"05/03/2024",83.6
"05/07/2024",82.69
"05/08/2024",82.44
"05/09/2024",83.27
"05/10/2024",83.39
"05/13/2024",83.18
"05/14/2024",81
"05/15/2024",79.98
"05/16/2024",81.65
"05/17/2024",82.24
"05/20/2024",81.91
"05/21/2024",81.22
"05/22/2024",79.9
"05/23/2024",79.25
"05/24/2024",78.92
"05/28/2024",81.34
"05/29/2024",81.5
"05/30/2024",81.42
"05/31/2024",79.41
"06/03/2024",76.45
"06/04/2024",75.33
"06/05/2024",75.41
"06/06/2024",77.62
"06/07/2024",78.12
"06/10/2024",79.59
"06/11/2024",80.15
"06/12/2024",80.52
"06/13/2024",81.44
"06/14/2024",81.49
"06/17/2024",82.45
"06/18/2024",84.79
"06/19/2024",85.64
"06/20/2024",85.92
"06/21/2024",86.42
"06/24/2024",86.75
"06/25/2024",86.81
"06/26/2024",85.76
"06/27/2024",87
"06/28/2024",87.26
"07/01/2024",86.57
"07/02/2024",88.28
"07/03/2024",88.25
"07/04/2024",88.34
"07/05/2024",88.66
"07/08/2024",87.15
"07/09/2024",86.48
"07/10/2024",86.55
"07/11/2024",86.49
"07/12/2024",87.35
"07/15/2024",86.42
"07/16/2024",86.6
"07/17/2024",85.76
"07/18/2024",86.26
"07/19/2024",85.19
"07/22/2024",83.44
"07/23/2024",82.2
"07/24/2024",83.01
"07/25/2024",82.58
"07/26/2024",81.35
"07/29/2024",80.94
"07/30/2024",79.26
"07/31/2024",81.39
"08/01/2024",81.37
"08/02/2024",78.35
"08/05/2024",77.51
"08/06/2024",76.62
"08/07/2024",78.26
"08/08/2024",80.76
"08/09/2024",81.07
"08/12/2024",83.06
"08/13/2024",82.51
"08/14/2024",82.15
"08/15/2024",83.09
"08/16/2024",81.56
"08/19/2024",81.09
"08/20/2024",78.85
"08/21/2024",78.77
"08/22/2024",78.8
"08/23/2024",80.34
"08/27/2024",81.51
"08/28/2024",80.04
"08/29/2024",81.55
"08/30/2024",80.2
"09/02/2024",77.82
"09/03/2024",76.46
"09/04/2024",74.67
"09/05/2024",74.47
"09/06/2024",72.82
"09/09/2024",72.37
"09/10/2024",70.34
"09/11/2024",70.31
"09/12/2024",73.81
"09/13/2024",73.68
"09/16/2024",73.96
"09/17/2024",74.55
"09/18/2024",74.52
"09/19/2024",75.93
"09/20/2024",75.96
"09/23/2024",74.95
"09/24/2024",75.29
"09/25/2024",75.4
"09/26/2024",73.06
"09/27/2024",71.63
"09/30/2024",72.35
"10/01/2024",75.3
"10/02/2024",74.86
"10/03/2024",77.57
"10/04/2024",79.32
"10/07/2024",81.74
"10/08/2024",78.19
"10/09/2024",77.06
"10/10/2024",79.45
"10/11/2024",80.27
"10/14/2024",78.47
"10/15/2024",73.68
"10/16/2024",73.65
"10/17/2024",74.37
"10/18/2024",72.75
"10/21/2024",73.29
"10/22/2024",75.59
"10/23/2024",74.68
"10/24/2024",74.27
"10/25/2024",75.62
"10/28/2024",71.87
"10/29/2024",71.09
"10/30/2024",73.21
"10/31/2024",73.25
"11/01/2024",73.63
"11/04/2024",74.89
"11/05/2024",76.98
"11/06/2024",76.52
"11/07/2024",75.73
"11/08/2024",74.04
"11/11/2024",72.19
"11/12/2024",72.56
"11/13/2024",72.86
"11/14/2024",73.39
"11/15/2024",73.45
"11/18/2024",74.35
"11/19/2024",74.32
"11/20/2024",74.33
"11/21/2024",75.09
"11/22/2024",76.1
"11/25/2024",74.27
"11/26/2024",74.56
"11/27/2024",73.91
"11/28/2024",73.92
"11/29/2024",74.16
"12/02/2024",72.81
"12/03/2024",74.8
"12/04/2024",74.68
"12/05/2024",73.78
"12/06/2024",73.78
"12/09/2024",73.73
"12/10/2024",73.64
"12/11/2024",74.38
"12/12/2024",73.52
"12/13/2024",74.89
"12/16/2024",74.3
"12/17/2024",73.16
"12/18/2024",74.57
"12/19/2024",73.75
"12/20/2024",73.19
"12/23/2024",72.12
"12/24/2024",73.5
"12/27/2024",73.77
"12/30/2024",74.24
"12/31/2024",74.58
"01/02/2025",76.14
"01/03/2025",76.72
"01/06/2025",77.27
"01/07/2025",77.84
"01/08/2025",77.37
"01/09/2025",78.44
"01/10/2025",79.76
"01/13/2025",82.69
"01/14/2025",82.39
"01/15/2025",83.48
"01/16/2025",82.39
"01/17/2025",83.02
"01/20/2025",81.68
"01/21/2025",80.57
"01/22/2025",80
"01/23/2025",78.62
"01/24/2025",78.71
"01/27/2025",77.3
"01/28/2025",78.01
"01/29/2025",77.02
"01/30/2025",77.42
"01/31/2025",77.11
"02/03/2025",76.49
"02/04/2025",76.58
"02/05/2025",74.71
"02/06/2025",74.54
"02/07/2025",74.68
"02/10/2025",76.23
"02/11/2025",77.65
"02/12/2025",75.38
"02/13/2025",75.61
"02/14/2025",75.19
"02/17/2025",75.81
"02/18/2025",76.46
"02/19/2025",76.34
"02/20/2025",76.95
"02/21/2025",74.88
"02/24/2025",74.89
"02/25/2025",73.11
"02/26/2025",73.49
"02/27/2025",75.01
"02/28/2025",74.76
"03/03/2025",72.85
"03/04/2025",72.31
"03/05/2025",70.92
"03/06/2025",71.08
"03/07/2025",72.49
"03/10/2025",71.08
"03/11/2025",71.51
"03/12/2025",72.36
"03/13/2025",70.82
"03/14/2025",71.94
"03/17/2025",71.93
"03/18/2025",71.93
"03/19/2025",71.94
"03/20/2025",72.61
"03/21/2025",72.64
"03/24/2025",73.96
"03/25/2025",73.78
"03/26/2025",74.6
"03/27/2025",74.72
"03/28/2025",74.69
"03/31/2025",77.23
"04/01/2025",77.78
"04/02/2025",77.27
"04/03/2025",72.54
"04/04/2025",68.36
"04/07/2025",66.13
"04/08/2025",64.86
"04/09/2025",67.3
"04/10/2025",65.37
"04/11/2025",66.83
"04/14/2025",67.18
"04/15/2025",66.58
"04/16/2025",67.94
"04/17/2025",69.33
"04/22/2025",68.93
"04/23/2025",68.26
"04/24/2025",67.5
"04/25/2025",66.99
"04/28/2025",66.13
"04/29/2025",64.04
"04/30/2025",63.37
"05/01/2025",62.37
"05/02/2025",61.57
"05/06/2025",62.37
"05/07/2025",60.31
"05/08/2025",62.22
"05/09/2025",64.26
"05/12/2025",65.28
"05/13/2025",66.93
"05/14/2025",65.91
"05/15/2025",64.36
"05/16/2025",65.2
"05/19/2025",66.25
"05/20/2025",66.93
"05/21/2025",65.86
"05/22/2025",64.87
"05/23/2025",65.41
"05/27/2025",64.32
"05/28/2025",65.72
"05/29/2025",64.6
"05/30/2025",64.32
"06/02/2025",66.55
"06/03/2025",67.48
"06/04/2025",66.69
"06/05/2025",67.14
"06/06/2025",68.02
"06/09/2025",68.73
"06/10/2025",68.41
"06/11/2025",71.29
"06/12/2025",70.84
"06/13/2025",76
"06/16/2025",75.05
"06/17/2025",78.7
"06/18/2025",78.38
"06/19/2025",80.37
"06/20/2025",78.73
"06/23/2025",74.34
"06/24/2025",69.13
"06/25/2025",68.4
"06/26/2025",68.57
"06/27/2025",69.37
"06/30/2025",68.15
"07/01/2025",67.63
"07/02/2025",70.8
"07/03/2025",70.42
"07/04/2025",71.03
"07/07/2025",71.95
"07/08/2025",72.5
"07/09/2025",71.98
"07/10/2025",70.38
"07/11/2025",72.06
"07/14/2025",70.96
"07/15/2025",70.27
"07/16/2025",69.67
"07/17/2025",71.32
"07/18/2025",71.06
"07/21/2025",71.92
"07/22/2025",69.69
"07/23/2025",69.17
"07/24/2025",70.42
"07/25/2025",69.23
"07/28/2025",70.87
"07/29/2025",73.21
"07/30/2025",73.98
"07/31/2025",73.43
"08/01/2025",70.55
"08/04/2025",69.56
"08/05/2025",69.14
"08/06/2025",67.97
"08/07/2025",66.99
"08/08/2025",67.17
"08/11/2025",67.36
"08/12/2025",66.8
"08/13/2025",66.25
"08/14/2025",68.12
"08/15/2025",67.3
"08/18/2025",68.18
"08/19/2025",66.62
"08/20/2025",67.61
"08/21/2025",68.41
"08/22/2025",68.29
"08/26/2025",66.89
"08/27/2025",67.75
"08/28/2025",68.61
"08/29/2025",67.83
"09/01/2025",67.09
"09/02/2025",68.09
"09/03/2025",67.76
"09/04/2025",66.41
"09/05/2025",64.92
"09/08/2025",65.44