date,currency_rate,year,month,GDP_per_capita,Brent_price,GDP_deflator,FD_investment,Inflation
1992-07-31,141.55599999999998,1992.0,7.0,3098.802734375,20.38,1490.4184248448,1161000000.0,1490.4184248448
1992-08-31,168.1625,1992.0,8.0,3098.802734375,19.65,1490.4184248448,1161000000.0,1490.4184248448
1992-09-30,220.4888888888889,1992.0,9.0,3098.802734375,20.18,1490.4184248448,1161000000.0,1490.4184248448
1992-10-31,353.77777777777777,1992.0,10.0,3098.802734375,19.13,1490.4184248448,1161000000.0,1490.4184248448
1992-11-30,426.25,1992.0,11.0,3098.802734375,19.25,1490.4184248448,1161000000.0,1490.4184248448
1992-12-31,414.55555555555554,1992.0,12.0,3098.802734375,17.85,1490.4184248448,1161000000.0,1490.4184248448
1993-01-31,484.2142857142857,1993.0,1.0,2930.6701660156295,18.48,887.840736234023,1210782000.0,887.840736234023
1993-02-28,569.0,1993.0,2.0,2930.67016601563,18.83,887.840736234023,1210782000.0,887.840736234023
1993-03-31,664.5555555555555,1993.0,3.0,2930.67016601563,18.7,887.840736234023,1210782000.0,887.840736234023
1993-04-30,767.2222222222222,1993.0,4.0,2930.67016601563,18.85,887.840736234023,1210782000.0,887.840736234023
1993-05-31,914.5714285714286,1993.0,5.0,2930.6701660156295,18.430000000000003,887.840736234023,1210782000.0,887.840736234023
1993-06-30,1079.625,1993.0,6.0,2930.67016601563,17.43,887.840736234023,1210782000.0,887.840736234023
1993-07-31,1025.5,1993.0,7.0,2930.67016601563,16.85,887.840736234023,1210782000.0,887.840736234023
1993-08-31,985.5625,1993.0,8.0,2930.67016601563,16.73,887.840736234023,1210782000.0,887.840736234023
1993-09-30,1058.611111111111,1993.0,9.0,2930.67016601563,17.23,887.840736234023,1210782000.0,887.840736234023
1993-10-31,1185.75,1993.0,10.0,2930.67016601563,15.43,887.840736234023,1210782000.0,887.840736234023
1993-11-30,1190.75,1993.0,11.0,2930.67016601563,14.23,887.840736234023,1210782000.0,887.840736234023
1993-12-31,1238.888888888889,1993.0,12.0,2930.67016601563,13.18,887.840736234023,1210782000.0,887.840736234023
1994-01-31,1435.857142857143,1994.0,1.0,2662.10400390625,14.83,307.29805689706103,689570000.0,307.29805689706103
1994-02-28,1579.125,1994.0,2.0,2662.10400390625,13.59,307.298056897061,689570000.0,307.298056897061
1994-03-31,1717.25,1994.0,3.0,2662.10400390625,13.25,307.298056897061,689570000.0,307.298056897061
1994-04-30,1790.111111111111,1994.0,4.0,2662.10400390625,15.350000000000001,307.298056897061,689570000.0,307.298056897061
1994-05-31,1876.5714285714287,1994.0,5.0,2662.10400390625,16.180000000000003,307.29805689706103,689570000.0,307.29805689706103
1994-06-30,1952.2222222222222,1994.0,6.0,2662.10400390625,17.45,307.298056897061,689570000.0,307.298056897061
1994-07-31,2022.888888888889,1994.0,7.0,2662.10400390625,18.48,307.298056897061,689570000.0,307.298056897061
1994-08-31,2118.222222222222,1994.0,8.0,2662.10400390625,16.03,307.298056897061,689570000.0,307.298056897061
1994-09-30,2346.4444444444443,1994.0,9.0,2662.10400390625,16.73,307.298056897061,689570000.0,307.298056897061
1994-10-31,3065.375,1994.0,10.0,2662.10400390625,17.18,307.298056897061,689570000.0,307.298056897061
1994-11-30,3144.0,1994.0,11.0,2662.10400390625,16.95,307.298056897061,689570000.0,307.298056897061
1994-12-31,3388.222222222222,1994.0,12.0,2662.10400390625,16.23,307.298056897061,689570000.0,307.298056897061
1995-01-31,3836.285714285714,1995.0,1.0,2665.77978515625,16.8,144.006867163195,2065720000.0,144.006867163195
1995-02-28,4214.75,1995.0,2.0,2665.77978515625,17.23,144.006867163195,2065720000.0,144.006867163195
1995-03-31,4721.0,1995.0,3.0,2665.77978515625,17.979999999999997,144.006867163195,2065720000.0,144.006867163195
1995-04-30,5024.125,1995.0,4.0,2665.77978515625,18.98,144.006867163195,2065720000.0,144.006867163195
1995-05-31,5053.857142857143,1995.0,5.0,2665.77978515625,17.58,144.006867163195,2065720000.0,144.006867163195
1995-06-30,4724.555555555556,1995.0,6.0,2665.77978515625,16.58,144.006867163195,2065720000.0,144.006867163195
1995-07-31,4522.5,1995.0,7.0,2665.77978515625,15.78,144.006867163195,2065720000.0,144.006867163195
1995-08-31,4415.0,1995.0,8.0,2665.77978515625,16.2,144.006867163195,2065720000.0,144.006867163195
1995-09-30,4471.555555555556,1995.0,9.0,2665.77978515625,16.58,144.006867163195,2065720000.0,144.006867163195
1995-10-31,4501.25,1995.0,10.0,2665.77978515625,16.58,144.006867163195,2065720000.0,144.006867163195
1995-11-30,4539.0,1995.0,11.0,2665.77978515625,17.13,144.006867163195,2065720000.0,144.006867163195
1995-12-31,4619.75,1995.0,12.0,2665.77978515625,18.65,144.006867163195,2065720000.0,144.006867163195
1996-01-31,4688.625,1996.0,1.0,2643.92919921875,16.63,46.0363776683441,2579330000.0,46.0363776683441
1996-02-29,4761.375,1996.0,2.0,2643.92919921875,18.8,46.0363776683441,2579330000.0,46.0363776683441
1996-03-31,4834.888888888889,1996.0,3.0,2643.92919921875,20.33,46.0363776683441,2579330000.0,46.0363776683441
1996-04-30,4901.5,1996.0,4.0,2643.92919921875,19.5,46.0363776683441,2579330000.0,46.0363776683441
1996-05-31,4988.142857142857,1996.0,5.0,2643.92919921875,18.099999999999998,46.036377668344116,2579330000.0,46.036377668344116
1996-06-30,5055.85,1996.0,6.0,2643.92919921875,19.279999999999994,46.03637766834411,2579330000.0,46.03637766834411
1996-07-31,5148.333333333333,1996.0,7.0,2643.92919921875,19.0,46.03637766834411,2579330000.0,46.03637766834411
1996-08-31,5282.608695652174,1996.0,8.0,2643.92919921875,20.980000000000008,46.03637766834411,2579330000.0,46.03637766834411
1996-09-30,5371.5,1996.0,9.0,2643.92919921875,24.149999999999995,46.03637766834411,2579330000.0,46.03637766834411
1996-10-31,5431.391304347826,1996.0,10.0,2643.92919921875,22.800000000000004,46.03637766834411,2579330000.0,46.03637766834411
1996-11-30,5482.952380952381,1996.0,11.0,2643.92919921875,23.170000000000005,46.03637766834411,2579330000.0,46.03637766834411
1996-12-31,5536.857142857143,1996.0,12.0,2643.92919921875,23.899999999999995,46.03637766834411,2579330000.0,46.03637766834411
1997-01-31,5600.85,1997.0,1.0,2737.5720214843805,23.279999999999994,15.058503642684604,4864650000.0,15.058503642684604
1997-02-28,5653.825,1997.0,2.0,2737.5720214843805,19.44,15.058503642684604,4864650000.0,15.058503642684604
1997-03-31,5703.925,1997.0,3.0,2737.5720214843805,18.529999999999994,15.058503642684604,4864650000.0,15.058503642684604
1997-04-30,5747.272727272727,1997.0,4.0,2737.5720214843805,18.25,15.058503642684606,4864650000.0,15.058503642684606
1997-05-31,5770.45,1997.0,5.0,2737.5720214843805,18.990000000000002,15.058503642684604,4864650000.0,15.058503642684604
1997-06-30,5780.026315789473,1997.0,6.0,2737.5720214843805,18.220000000000002,15.058503642684604,4864650000.0,15.058503642684604
1997-07-31,5787.347826086957,1997.0,7.0,2737.572021484381,18.94,15.058503642684608,4864650000.0,15.058503642684608
1997-08-31,5811.886363636364,1997.0,8.0,2737.5720214843805,17.980000000000004,15.058503642684606,4864650000.0,15.058503642684606
1997-09-30,5846.976190476191,1997.0,9.0,2737.5720214843805,19.959999999999997,15.058503642684606,4864650000.0,15.058503642684606
1997-10-31,5874.869565217391,1997.0,10.0,2737.572021484381,19.420000000000005,15.058503642684608,4864650000.0,15.058503642684608
1997-11-30,5902.8,1997.0,11.0,2737.5720214843805,18.959999999999997,15.058503642684604,4864650000.0,15.058503642684604
1997-12-31,5940.7,1997.0,12.0,2737.5720214843805,15.860000000000003,15.058503642684604,4864650000.0,15.058503642684604
1998-01-31,5.99665,1998.0,1.0,1834.86181640625,15.589999999999995,18.538967341902396,2761360000.0,18.538967341902396
1998-02-28,6.05085,1998.0,2.0,1834.86181640625,13.529999999999998,18.538967341902396,2761360000.0,18.538967341902396
1998-03-31,6.089924999999999,1998.0,3.0,1834.86181640625,13.87,18.538967341902396,2761360000.0,18.538967341902396
1998-04-30,6.123772727272728,1998.0,4.0,1834.86181640625,13.790000000000003,18.538967341902392,2761360000.0,18.538967341902392
1998-05-31,6.149447368421053,1998.0,5.0,1834.86181640625,14.03,18.538967341902396,2761360000.0,18.538967341902396
1998-06-30,6.1801,1998.0,6.0,1834.86181640625,11.84,18.538967341902396,2761360000.0,18.538967341902396
1998-07-31,6.21641304347826,1998.0,7.0,1834.86181640625,12.63,18.538967341902392,2761360000.0,18.538967341902392
1998-08-31,6.751785714285714,1998.0,8.0,1834.86181640625,12.06,18.538967341902396,2761360000.0,18.538967341902396
1998-09-30,14.408472727272727,1998.0,9.0,1834.86181640625,14.709999999999997,18.538967341902392,2761360000.0,18.538967341902392
1998-10-31,15.908821739130435,1998.0,10.0,1834.86181640625,12.0,18.538967341902392,2761360000.0,18.538967341902392
1998-11-30,16.47421052631579,1998.0,11.0,1834.86181640625,9.91,18.538967341902396,2761360000.0,18.538967341902396
1998-12-31,19.99318181818182,1998.0,12.0,1834.86181640625,10.539999999999997,18.538967341902392,2761360000.0,18.538967341902392
1999-01-31,22.284736842105264,1999.0,1.0,1330.7572021484402,11.34,72.3866054661464,3256530000.0,72.3866054661464
1999-02-28,22.91,1999.0,2.0,1330.7572021484402,10.580000000000002,72.3866054661464,3256530000.0,72.3866054661464
1999-03-31,23.50047619047619,1999.0,3.0,1330.7572021484402,15.019999999999998,72.3866054661464,3256530000.0,72.3866054661464
1999-04-30,24.729090909090907,1999.0,4.0,1330.7572021484402,16.449999999999996,72.3866054661464,3256530000.0,72.3866054661464
1999-05-31,24.45888888888889,1999.0,5.0,1330.7572021484402,14.75,72.3866054661464,3256530000.0,72.3866054661464
1999-06-30,24.28857142857143,1999.0,6.0,1330.7572021484402,16.970000000000006,72.3866054661464,3256530000.0,72.3866054661464
1999-07-31,24.303043478260882,1999.0,7.0,1330.7572021484405,19.970000000000006,72.3866054661464,3256530000.0,72.3866054661464
1999-08-31,24.71047619047619,1999.0,8.0,1330.7572021484402,21.079999999999995,72.3866054661464,3256530000.0,72.3866054661464
1999-09-30,25.45545454545455,1999.0,9.0,1330.7572021484402,22.980000000000004,72.3866054661464,3256530000.0,72.3866054661464
1999-10-31,25.726818181818178,1999.0,10.0,1330.7572021484402,21.110000000000003,72.3866054661464,3256530000.0,72.3866054661464
1999-11-30,26.308,1999.0,11.0,1330.7572021484402,25.199999999999996,72.3866054661464,3256530000.0,72.3866054661464
1999-12-31,26.794761904761906,1999.0,12.0,1330.7572021484402,24.93,72.3866054661464,3256530000.0,72.3866054661464
2000-01-31,28.253333333333337,2000.0,1.0,1771.5941162109402,27.08,37.69792821230969,2678030000.0,37.69792821230969
2000-02-29,28.724285714285717,2000.0,2.0,1771.59411621094,29.01,37.697928212309684,2678030000.0,37.697928212309684
2000-03-31,28.45772727272727,2000.0,3.0,1771.5941162109398,23.980000000000004,37.697928212309684,2678030000.0,37.697928212309684
2000-04-30,28.595238095238095,2000.0,4.0,1771.59411621094,23.790000000000003,37.697928212309684,2678030000.0,37.697928212309684
2000-05-31,28.306315789473683,2000.0,5.0,1771.5941162109402,29.639999999999997,37.69792821230969,2678030000.0,37.69792821230969
2000-06-30,28.240952380952383,2000.0,6.0,1771.59411621094,31.58000000000001,37.697928212309684,2678030000.0,37.697928212309684
2000-07-31,27.845714285714287,2000.0,7.0,1771.59411621094,25.300000000000004,37.697928212309684,2678030000.0,37.697928212309684
2000-08-31,27.737826086956527,2000.0,8.0,1771.5941162109398,35.08000000000001,37.697928212309684,2678030000.0,37.697928212309684
2000-09-30,27.798636363636366,2000.0,9.0,1771.5941162109398,28.419999999999995,37.697928212309684,2678030000.0,37.697928212309684
2000-10-31,27.870000000000005,2000.0,10.0,1771.59411621094,30.149999999999995,37.697928212309684,2678030000.0,37.697928212309684
2000-11-30,27.80714285714286,2000.0,11.0,1771.59411621094,32.529999999999994,37.697928212309684,2678030000.0,37.697928212309684
2000-12-31,27.979523809523805,2000.0,12.0,1771.59411621094,22.579999999999995,37.697928212309684,2678030000.0,37.697928212309684
2001-01-31,28.367368421052632,2001.0,1.0,2100.3525390625,26.589999999999996,16.479619357003696,2847300000.0,16.479619357003696
2001-02-28,28.594,2001.0,2.0,2100.3525390625,25.160000000000004,16.479619357003696,2847300000.0,16.479619357003696
2001-03-31,28.677727272727278,2001.0,3.0,2100.3525390625,23.5,16.479619357003696,2847300000.0,16.479619357003696
2001-04-30,28.850476190476197,2001.0,4.0,2100.3525390625,27.210000000000004,16.479619357003696,2847300000.0,16.479619357003696
2001-05-31,29.027894736842104,2001.0,5.0,2100.3525390625,28.549999999999997,16.479619357003696,2847300000.0,16.479619357003696
2001-06-30,29.11476190476191,2001.0,6.0,2100.3525390625,26.209999999999997,16.479619357003696,2847300000.0,16.479619357003696
2001-07-31,29.22285714285714,2001.0,7.0,2100.3525390625,24.350000000000005,16.479619357003696,2847300000.0,16.479619357003696
2001-08-31,29.343043478260874,2001.0,8.0,2100.3525390625,26.799999999999994,16.479619357003696,2847300000.0,16.479619357003696
2001-09-30,29.429999999999993,2001.0,9.0,2100.3525390625,21.87,16.479619357003696,2847300000.0,16.479619357003696
2001-10-31,29.53818181818182,2001.0,10.0,2100.3525390625,19.63,16.479619357003696,2847300000.0,16.479619357003696
2001-11-30,29.797142857142852,2001.0,11.0,2100.3525390625,18.920000000000005,16.479619357003696,2847300000.0,16.479619357003696
2001-12-31,30.099999999999998,2001.0,12.0,2100.3525390625,19.350000000000005,16.479619357003696,2847300000.0,16.479619357003696
2002-01-31,30.472715,2002.0,1.0,2377.5295410156305,19.07,15.6619063054593,3473830000.0,15.6619063054593
2002-02-28,30.8057,2002.0,2.0,2377.5295410156305,20.730000000000004,15.6619063054593,3473830000.0,15.6619063054593
2002-03-31,31.06426666666666,2002.0,3.0,2377.5295410156305,25.339999999999993,15.6619063054593,3473830000.0,15.6619063054593
2002-04-30,31.173586363636367,2002.0,4.0,2377.5295410156305,26.980000000000004,15.661906305459299,3473830000.0,15.661906305459299
2002-05-31,31.254884210526317,2002.0,5.0,2377.5295410156305,23.87,15.6619063054593,3473830000.0,15.6619063054593
2002-06-30,31.404929999999997,2002.0,6.0,2377.5295410156305,25.329999999999995,15.6619063054593,3473830000.0,15.6619063054593
2002-07-31,31.514986363636368,2002.0,7.0,2377.5295410156305,26.279999999999994,15.661906305459299,3473830000.0,15.661906305459299
2002-08-31,31.554308695652175,2002.0,8.0,2377.529541015631,27.55999999999999,15.661906305459299,3473830000.0,15.661906305459299
2002-09-30,31.626655,2002.0,9.0,2377.5295410156305,29.110000000000003,15.6619063054593,3473830000.0,15.6619063054593
2002-10-31,31.693326086956528,2002.0,10.0,2377.529541015631,25.51,15.661906305459299,3473830000.0,15.661906305459299
2002-11-30,31.81074285714286,2002.0,11.0,2377.5295410156305,25.74,15.6619063054593,3473830000.0,15.6619063054593
2002-12-31,31.836840000000002,2002.0,12.0,2377.5295410156305,30.119999999999997,15.6619063054593,3473830000.0,15.6619063054593
2003-01-31,31.816164999999994,2003.0,1.0,2975.123046875,31.57000000000001,13.6571368113275,7928630000.0,13.6571368113275
2003-02-28,31.698978947368417,2003.0,2.0,2975.123046875,34.0,13.6571368113275,7928630000.0,13.6571368113275
2003-03-31,31.45329,2003.0,3.0,2975.123046875,28.05,13.6571368113275,7928630000.0,13.6571368113275
2003-04-30,31.211786363636364,2003.0,4.0,2975.123046875,23.60000000000001,13.657136811327502,7928630000.0,13.657136811327502
2003-05-31,30.907054999999996,2003.0,5.0,2975.123046875,26.579999999999995,13.6571368113275,7928630000.0,13.6571368113275
2003-06-30,30.468626315789475,2003.0,6.0,2975.123046875,28.880000000000003,13.6571368113275,7928630000.0,13.6571368113275
2003-07-31,30.36028695652174,2003.0,7.0,2975.123046875,28.67999999999999,13.657136811327504,7928630000.0,13.657136811327504
2003-08-31,30.34902727272727,2003.0,8.0,2975.123046875,30.38,13.657136811327502,7928630000.0,13.657136811327502
2003-09-30,30.598633333333336,2003.0,9.0,2975.123046875,28.09,13.657136811327502,7928630000.0,13.657136811327502
2003-10-31,30.164713043478258,2003.0,10.0,2975.123046875,27.88,13.657136811327504,7928630000.0,13.657136811327504
2003-11-30,29.807965000000003,2003.0,11.0,2975.123046875,28.950000000000006,13.6571368113275,7928630000.0,13.6571368113275
2003-12-31,29.4337,2003.0,12.0,2975.123046875,30.299999999999994,13.657136811327502,7928630000.0,13.657136811327502
2004-01-31,28.838794999999994,2004.0,1.0,4102.36474609375,29.529999999999994,20.255149577511098,15402990000.0,20.255149577511098
2004-02-29,28.51467368421052,2004.0,2.0,4102.36474609375,32.940000000000005,20.255149577511098,15402990000.0,20.255149577511098
2004-03-31,28.52926190476191,2004.0,3.0,4102.36474609375,32.28999999999999,20.255149577511094,15402990000.0,20.255149577511094
2004-04-30,28.68563181818182,2004.0,4.0,4102.36474609375,35.230000000000004,20.255149577511094,15402990000.0,20.255149577511094
2004-05-31,28.989216666666664,2004.0,5.0,4102.36474609375,37.0,20.255149577511098,15402990000.0,20.255149577511098
2004-06-30,29.02972380952381,2004.0,6.0,4102.36474609375,33.220000000000006,20.255149577511094,15402990000.0,20.255149577511094
2004-07-31,29.081926086956525,2004.0,7.0,4102.36474609375,41.470000000000006,20.255149577511094,15402990000.0,20.255149577511094
2004-08-31,29.21928571428571,2004.0,8.0,4102.36474609375,39.79999999999999,20.255149577511094,15402990000.0,20.255149577511094
2004-09-30,29.22208181818182,2004.0,9.0,4102.36474609375,47.76,20.255149577511094,15402990000.0,20.255149577511094
2004-10-31,29.070299999999996,2004.0,10.0,4102.36474609375,48.15999999999999,20.255149577511094,15402990000.0,20.255149577511094
2004-11-30,28.591185000000003,2004.0,11.0,4102.36474609375,44.230000000000004,20.255149577511098,15402990000.0,20.255149577511098
2004-12-31,27.904027272727266,2004.0,12.0,4102.36474609375,40.38,20.255149577511094,15402990000.0,20.255149577511094
2005-01-31,28.009086666666665,2005.0,1.0,5323.455078125,44.51,19.279432134411003,15508050000.0,19.279432134411003
2005-02-28,27.995394736842105,2005.0,2.0,5323.455078125,50.13,19.279432134411003,15508050000.0,19.279432134411003
2005-03-31,27.626422727272725,2005.0,3.0,5323.455078125,53.220000000000006,19.279432134411007,15508050000.0,19.279432134411007
2005-04-30,27.810354545454548,2005.0,4.0,5323.455078125,50.60999999999999,19.279432134411007,15508050000.0,19.279432134411007
2005-05-31,27.95137777777778,2005.0,5.0,5323.455078125,49.29999999999999,19.279432134411003,15508050000.0,19.279432134411003
2005-06-30,28.497866666666667,2005.0,6.0,5323.455078125,55.359999999999985,19.279432134411007,15508050000.0,19.279432134411007
2005-07-31,28.69443181818182,2005.0,7.0,5323.455078125,59.77,19.279432134411007,15508050000.0,19.279432134411007
2005-08-31,28.479809090909086,2005.0,8.0,5323.455078125,66.79999999999998,19.279432134411007,15508050000.0,19.279432134411007
2005-09-30,28.380013636363643,2005.0,9.0,5323.455078125,61.70000000000002,19.279432134411007,15508050000.0,19.279432134411007
2005-10-31,28.563133333333333,2005.0,10.0,5323.455078125,58.470000000000006,19.279432134411007,15508050000.0,19.279432134411007
2005-11-30,28.762576190476196,2005.0,11.0,5323.455078125,53.25,19.279432134411007,15508050000.0,19.279432134411007
2005-12-31,28.804599999999997,2005.0,12.0,5323.455078125,58.33999999999999,19.279432134411007,15508050000.0,19.279432134411007
2006-01-31,28.228133333333336,2006.0,1.0,6920.19970703125,63.190000000000026,15.120406631676394,37594770000.0,15.120406631676394
2006-02-28,28.194605263157893,2006.0,2.0,6920.19970703125,59.779999999999994,15.120406631676403,37594770000.0,15.120406631676403
2006-03-31,27.87377272727273,2006.0,3.0,6920.19970703125,66.05999999999999,15.120406631676405,37594770000.0,15.120406631676405
2006-04-30,27.564476190476192,2006.0,4.0,6920.19970703125,72.15000000000002,15.120406631676403,37594770000.0,15.120406631676403
2006-05-31,27.052745000000005,2006.0,5.0,6920.19970703125,67.56999999999998,15.120406631676403,37594770000.0,15.120406631676403
2006-06-30,26.98344761904762,2006.0,6.0,6920.19970703125,73.20000000000002,15.120406631676403,37594770000.0,15.120406631676403
2006-07-31,26.91582380952381,2006.0,7.0,6920.19970703125,74.75,15.120406631676403,37594770000.0,15.120406631676403
2006-08-31,26.76192173913043,2006.0,8.0,6920.19970703125,67.66000000000003,15.120406631676405,37594770000.0,15.120406631676405
2006-09-30,26.746340909090915,2006.0,9.0,6920.19970703125,59.08999999999999,15.120406631676405,37594770000.0,15.120406631676405
2006-10-31,26.867204761904766,2006.0,10.0,6920.19970703125,56.13000000000001,15.120406631676403,37594770000.0,15.120406631676403
2006-11-30,26.617409523809524,2006.0,11.0,6920.19970703125,64.35999999999997,15.120406631676403,37594770000.0,15.120406631676403
2006-12-31,26.28815454545455,2006.0,12.0,6920.19970703125,58.96000000000001,15.120406631676405,37594770000.0,15.120406631676405
2007-01-31,26.52904375,2007.0,1.0,9101.2392578125,56.52,13.8412392398238,55873680000.0,13.8412392398238
2007-02-28,26.343289473684212,2007.0,2.0,9101.2392578125,59.39000000000001,13.8412392398238,55873680000.0,13.8412392398238
2007-03-31,26.10559545454545,2007.0,3.0,9101.2392578125,68.47000000000001,13.841239239823796,55873680000.0,13.841239239823796
2007-04-30,25.83835714285714,2007.0,4.0,9101.2392578125,67.23,13.841239239823798,55873680000.0,13.841239239823798
2007-05-31,25.82405,2007.0,5.0,9101.2392578125,68.18000000000002,13.841239239823798,55873680000.0,13.841239239823798
2007-06-30,25.909299999999998,2007.0,6.0,9101.2392578125,72.22,13.841239239823798,55873680000.0,13.841239239823798
2007-07-31,25.540752380952384,2007.0,7.0,9101.2392578125,77.01,13.841239239823798,55873680000.0,13.841239239823798
2007-08-31,25.62369130434783,2007.0,8.0,9101.2392578125,72.28999999999999,13.841239239823796,55873680000.0,13.841239239823796
2007-09-30,25.334071428571427,2007.0,9.0,9101.2392578125,80.97,13.841239239823798,55873680000.0,13.841239239823798
2007-10-31,24.89621363636364,2007.0,10.0,9101.2392578125,89.86999999999998,13.841239239823796,55873680000.0,13.841239239823796
2007-11-30,24.465095238095234,2007.0,11.0,9101.2392578125,88.71000000000001,13.841239239823798,55873680000.0,13.841239239823798
2007-12-31,24.574886363636367,2007.0,12.0,9101.2392578125,93.68000000000002,13.841239239823796,55873680000.0,13.841239239823796
2008-01-31,24.5000625,2008.0,1.0,11635.2841796875,91.58,18.0135183350842,74782910000.0,18.0135183350842
2008-02-29,24.52733,2008.0,2.0,11635.2841796875,100.90000000000002,18.0135183350842,74782910000.0,18.0135183350842
2008-03-31,23.76038,2008.0,3.0,11635.2841796875,102.32999999999998,18.0135183350842,74782910000.0,18.0135183350842
2008-04-30,23.512913636363635,2008.0,4.0,11635.2841796875,111.11999999999998,18.0135183350842,74782910000.0,18.0135183350842
2008-05-31,23.719609523809524,2008.0,5.0,11635.2841796875,127.84999999999998,18.0135183350842,74782910000.0,18.0135183350842
2008-06-30,23.64323684210526,2008.0,6.0,11635.2841796875,138.4,18.0135183350842,74782910000.0,18.0135183350842
2008-07-31,23.347895652173914,2008.0,7.0,11635.2841796875,124.09999999999997,18.0135183350842,74782910000.0,18.0135183350842
2008-08-31,24.153336363636367,2008.0,8.0,11635.2841796875,113.48999999999997,18.0135183350842,74782910000.0,18.0135183350842
2008-09-30,25.26993333333333,2008.0,9.0,11635.2841796875,93.52,18.0135183350842,74782910000.0,18.0135183350842
2008-10-31,26.35637826086956,2008.0,10.0,11635.2841796875,60.0,18.0135183350842,74782910000.0,18.0135183350842
2008-11-30,27.3337,2008.0,11.0,11635.2841796875,47.720000000000006,18.0135183350842,74782910000.0,18.0135183350842
2008-12-31,28.15127272727273,2008.0,12.0,11635.2841796875,35.820000000000014,18.0135183350842,74782910000.0,18.0135183350842
2009-01-31,32.49225294117647,2009.0,1.0,8562.82421875,44.17,1.9706126030591202,36583100000.0,1.9706126030591202
2009-02-28,35.814394736842104,2009.0,2.0,8562.82421875,44.40999999999999,1.9706126030591207,36583100000.0,1.9706126030591207
2009-03-31,34.65768500000001,2009.0,3.0,8562.82421875,46.13,1.9706126030591207,36583100000.0,1.9706126030591207
2009-04-30,33.58326363636365,2009.0,4.0,8562.82421875,50.29999999999998,1.970612603059121,36583100000.0,1.970612603059121
2009-05-31,31.994804999999996,2009.0,5.0,8562.82421875,64.98,1.9706126030591207,36583100000.0,1.9706126030591207
2009-06-30,31.058,2009.0,6.0,8562.82421875,68.10999999999999,1.9706126030591207,36583100000.0,1.9706126030591207
2009-07-31,31.50815217391304,2009.0,7.0,8562.82421875,70.07999999999997,1.9706126030591211,36583100000.0,1.9706126030591211
2009-08-31,31.649661904761903,2009.0,8.0,8562.82421875,69.02,1.970612603059121,36583100000.0,1.970612603059121
2009-09-30,30.85668636363637,2009.0,9.0,8562.82421875,65.81999999999998,1.970612603059121,36583100000.0,1.970612603059121
2009-10-31,29.463986956521744,2009.0,10.0,8562.82421875,74.91000000000003,1.9706126030591211,36583100000.0,1.9706126030591211
2009-11-30,28.903489473684214,2009.0,11.0,8562.82421875,77.77,1.9706126030591207,36583100000.0,1.9706126030591207
2009-12-31,29.958934782608697,2009.0,12.0,8562.82421875,77.91000000000003,1.9706126030591211,36583100000.0,1.9706126030591211
2010-01-31,29.838731250000002,2010.0,1.0,10674.990234375,71.2,14.1911095688207,43167780000.0,14.1911095688207
2010-02-28,30.157968421052637,2010.0,2.0,10674.990234375,76.35999999999999,14.191109568820702,43167780000.0,14.191109568820702
2010-03-31,29.559395238095238,2010.0,3.0,10674.990234375,80.36999999999998,14.191109568820702,43167780000.0,14.191109568820702
2010-04-30,29.193236363636366,2010.0,4.0,10674.990234375,86.19000000000001,14.191109568820702,43167780000.0,14.191109568820702
2010-05-31,30.43492105263158,2010.0,5.0,10674.990234375,73.0,14.191109568820702,43167780000.0,14.191109568820702
2010-06-30,31.17433809523809,2010.0,6.0,10674.990234375,74.94000000000001,14.191109568820702,43167780000.0,14.191109568820702
2010-07-31,30.679113043478264,2010.0,7.0,10674.990234375,77.5,14.191109568820702,43167780000.0,14.191109568820702
2010-08-31,30.351004761904765,2010.0,8.0,10674.990234375,75.51,14.191109568820702,43167780000.0,14.191109568820702
2010-09-30,30.811859090909095,2010.0,9.0,10674.990234375,80.77,14.191109568820702,43167780000.0,14.191109568820702
2010-10-31,30.32283636363637,2010.0,10.0,10674.990234375,82.47000000000001,14.191109568820702,43167780000.0,14.191109568820702
2010-11-30,30.986639999999994,2010.0,11.0,10674.990234375,86.02,14.191109568820702,43167780000.0,14.191109568820702
2010-12-31,30.85773043478261,2010.0,12.0,10674.990234375,93.23,14.191109568820702,43167780000.0,14.191109568820702
2011-01-31,29.991920000000004,2011.0,1.0,14305.33203125,98.97000000000001,24.460086062189802,55083630000.0,24.460086062189802
2011-02-28,29.321147368421055,2011.0,2.0,14305.33203125,112.27000000000001,24.460086062189802,55083630000.0,24.460086062189802
2011-03-31,28.463686363636363,2011.0,3.0,14305.33203125,116.94000000000001,24.460086062189802,55083630000.0,24.460086062189802
2011-04-30,28.084022727272725,2011.0,4.0,14305.33203125,126.59000000000005,24.460086062189802,55083630000.0,24.460086062189802
2011-05-31,27.934284210526314,2011.0,5.0,14305.33203125,117.18,24.460086062189802,55083630000.0,24.460086062189802
2011-06-30,27.98714761904762,2011.0,6.0,14305.33203125,111.71,24.4600860621898,55083630000.0,24.4600860621898
2011-07-31,27.91225454545455,2011.0,7.0,14305.33203125,115.92999999999998,24.460086062189802,55083630000.0,24.460086062189802
2011-08-31,28.746490909090912,2011.0,8.0,14305.33203125,116.48,24.460086062189802,55083630000.0,24.460086062189802
2011-09-30,30.571731818181817,2011.0,9.0,14305.33203125,105.42000000000002,24.460086062189802,55083630000.0,24.460086062189802
2011-10-31,31.388166666666674,2011.0,10.0,14305.33203125,108.42999999999999,24.4600860621898,55083630000.0,24.4600860621898
2011-11-30,30.822985714285714,2011.0,11.0,14305.33203125,111.21999999999997,24.4600860621898,55083630000.0,24.4600860621898
2011-12-31,31.49111739130435,2011.0,12.0,14305.33203125,108.09000000000003,24.460086062189802,55083630000.0,24.460086062189802
2012-01-31,31.238299999999995,2012.0,1.0,15401.8515625,110.26,8.907868420878343,50587560000.0,8.907868420878343
2012-02-29,29.885460000000002,2012.0,2.0,15401.8515625,122.22999999999999,8.90786842087834,50587560000.0,8.90786842087834
2012-03-31,29.331863636363643,2012.0,3.0,15401.8515625,123.40999999999995,8.907868420878343,50587560000.0,8.907868420878343
2012-04-30,29.490885714285717,2012.0,4.0,15401.8515625,118.65999999999998,8.90786842087834,50587560000.0,8.90786842087834
2012-05-31,30.804370000000006,2012.0,5.0,15401.8515625,103.85999999999999,8.90786842087834,50587560000.0,8.90786842087834
2012-06-30,32.878366666666665,2012.0,6.0,15401.8515625,94.17000000000002,8.90786842087834,50587560000.0,8.90786842087834
2012-07-31,32.52510476190476,2012.0,7.0,15401.8515625,105.93,8.90786842087834,50587560000.0,8.90786842087834
2012-08-31,31.956795652173913,2012.0,8.0,15401.8515625,113.92999999999998,8.907868420878343,50587560000.0,8.907868420878343
2012-09-30,31.51765714285714,2012.0,9.0,15401.8515625,111.36,8.90786842087834,50587560000.0,8.90786842087834
2012-10-31,31.115650000000006,2012.0,10.0,15401.8515625,109.89,8.907868420878343,50587560000.0,8.907868420878343
2012-11-30,31.39876666666667,2012.0,11.0,15401.8515625,110.84000000000002,8.90786842087834,50587560000.0,8.90786842087834
2012-12-31,30.737259090909095,2012.0,12.0,15401.8515625,110.80000000000001,8.907868420878343,50587560000.0,8.907868420878343
2013-01-31,30.227143750000003,2013.0,1.0,15941.4482421875,115.55,5.32013887237915,69218890000.0,5.32013887237915
2013-02-28,30.163069999999998,2013.0,2.0,15941.4482421875,112.2,5.320138872379149,69218890000.0,5.320138872379149
2013-03-31,30.800290476190476,2013.0,3.0,15941.4482421875,108.46,5.320138872379149,69218890000.0,5.320138872379149
2013-04-30,31.350214285714287,2013.0,4.0,15941.4482421875,101.53,5.320138872379149,69218890000.0,5.320138872379149
2013-05-31,31.305883333333334,2013.0,5.0,15941.4482421875,100.43,5.32013887237915,69218890000.0,5.32013887237915
2013-06-30,32.30679500000001,2013.0,6.0,15941.4482421875,102.48999999999998,5.320138872379149,69218890000.0,5.320138872379149
2013-07-31,32.74075,2013.0,7.0,15941.4482421875,107.89,5.320138872379149,69218890000.0,5.320138872379149
2013-08-31,33.02487391304348,2013.0,8.0,15941.4482421875,115.96999999999996,5.320138872379149,69218890000.0,5.320138872379149
2013-09-30,32.60167,2013.0,9.0,15941.4482421875,107.84999999999998,5.320138872379149,69218890000.0,5.320138872379149
2013-10-31,32.09922608695652,2013.0,10.0,15941.4482421875,107.53000000000002,5.320138872379149,69218890000.0,5.320138872379149
2013-11-30,32.693999999999996,2013.0,11.0,15941.4482421875,111.07000000000001,5.320138872379149,69218890000.0,5.320138872379149
2013-12-31,32.88070476190477,2013.0,12.0,15941.4482421875,109.94999999999999,5.320138872379149,69218890000.0,5.320138872379149
2014-01-31,33.78435294117646,2014.0,1.0,14055.47265625,108.16,7.49007111696609,22031340000.0,7.49007111696609
2014-02-28,35.244040000000005,2014.0,2.0,14055.47265625,108.97999999999999,7.490071116966088,22031340000.0,7.490071116966088
2014-03-31,36.198565,2014.0,3.0,14055.47265625,105.95,7.490071116966088,22031340000.0,7.490071116966088
2014-04-30,35.66772727272728,2014.0,4.0,14055.47265625,108.63000000000002,7.490071116966087,22031340000.0,7.490071116966087
2014-05-31,34.83365500000001,2014.0,5.0,14055.47265625,109.21,7.490071116966088,22031340000.0,7.490071116966088
2014-06-30,34.449533333333335,2014.0,6.0,14055.47265625,111.03,7.490071116966089,22031340000.0,7.490071116966089
2014-07-31,34.635408695652174,2014.0,7.0,14055.47265625,104.94000000000001,7.490071116966087,22031340000.0,7.490071116966087
2014-08-31,36.09842727272727,2014.0,8.0,14055.47265625,101.11999999999998,7.490071116966087,22031340000.0,7.490071116966087
2014-09-30,37.90178095238095,2014.0,9.0,14055.47265625,94.67000000000002,7.490071116966088,22031340000.0,7.490071116966088
2014-10-31,40.79868695652175,2014.0,10.0,14055.47265625,84.17000000000003,7.490071116966087,22031340000.0,7.490071116966087
2014-11-30,46.217484210526315,2014.0,11.0,14055.47265625,71.89000000000001,7.490071116966089,22031340000.0,7.490071116966089
2014-12-31,55.77043636363637,2014.0,12.0,14055.47265625,55.27,7.490071116966087,22031340000.0,7.490071116966087
2015-01-31,65.1530875,2015.0,1.0,9277.7138671875,47.52,7.24973590678889,6852970000.0,7.24973590678889
2015-02-28,64.51817368421052,2015.0,2.0,9277.7138671875,61.890000000000015,7.24973590678889,6852970000.0,7.24973590678889
2015-03-31,60.363090000000014,2015.0,3.0,9277.7138671875,53.69000000000001,7.24973590678889,6852970000.0,7.24973590678889
2015-04-30,53.21869545454546,2015.0,4.0,9277.7138671875,63.90000000000002,7.249735906788889,6852970000.0,7.249735906788889
2015-05-31,50.46795789473684,2015.0,5.0,9277.7138671875,63.16000000000001,7.24973590678889,6852970000.0,7.24973590678889
2015-06-30,54.44904000000001,2015.0,6.0,9277.7138671875,60.30999999999999,7.24973590678889,6852970000.0,7.24973590678889
2015-07-31,57.17966956521739,2015.0,7.0,9277.7138671875,53.28999999999999,7.249735906788889,6852970000.0,7.249735906788889
2015-08-31,65.42299047619048,2015.0,8.0,9277.7138671875,54.150000000000006,7.24973590678889,6852970000.0,7.24973590678889
2015-09-30,66.78289545454547,2015.0,9.0,9277.7138671875,47.28999999999999,7.249735906788889,6852970000.0,7.249735906788889
2015-10-31,63.24558695652173,2015.0,10.0,9277.7138671875,48.0,7.249735906788889,6852970000.0,7.249735906788889
2015-11-30,65.02956315789474,2015.0,11.0,9277.7138671875,43.73,7.24973590678889,6852970000.0,7.24973590678889
2015-12-31,69.70484782608695,2015.0,12.0,9277.7138671875,36.61000000000001,7.249735906788889,6852970000.0,7.249735906788889
2016-01-31,77.934425,2016.0,1.0,8663.158203125,33.14,2.84422269802643,32538900000.0,2.84422269802643
2016-02-29,77.32849473684212,2016.0,2.0,8663.158203125,35.919999999999995,2.8442226980264294,32538900000.0,2.8442226980264294
2016-03-31,70.41831904761905,2016.0,3.0,8663.158203125,36.75,2.8442226980264294,32538900000.0,2.8442226980264294
2016-04-30,66.68263636363636,2016.0,4.0,8663.158203125,45.63999999999999,2.8442226980264294,32538900000.0,2.8442226980264294
2016-05-31,65.83865555555556,2016.0,5.0,8663.158203125,49.26,2.84422269802643,32538900000.0,2.84422269802643
2016-06-30,65.21926666666667,2016.0,6.0,8663.158203125,48.04999999999999,2.8442226980264294,32538900000.0,2.8442226980264294
2016-07-31,64.33796818181818,2016.0,7.0,8663.158203125,40.76,2.8442226980264294,32538900000.0,2.8442226980264294
2016-08-31,64.93652727272728,2016.0,8.0,8663.158203125,47.94000000000001,2.8442226980264294,32538900000.0,2.8442226980264294
2016-09-30,64.55720454545455,2016.0,9.0,8663.158203125,48.24,2.8442226980264294,32538900000.0,2.8442226980264294
2016-10-31,62.620004761904774,2016.0,10.0,8663.158203125,46.20000000000001,2.8442226980264294,32538900000.0,2.8442226980264294
2016-11-30,64.31373809523811,2016.0,11.0,8663.158203125,47.95000000000001,2.8442226980264294,32538900000.0,2.8442226980264294
2016-12-31,62.09129130434781,2016.0,12.0,8663.158203125,54.96000000000001,2.8442226980264294,32538900000.0,2.8442226980264294
2017-01-31,59.629856249999996,2017.0,1.0,10658.9130859375,55.25,5.34981508767618,28557440000.0,5.34981508767618
2017-02-28,58.539361111111106,2017.0,2.0,10658.9130859375,53.36,5.34981508767618,28557440000.0,5.34981508767618
2017-03-31,58.006631818181816,2017.0,3.0,10658.9130859375,52.20000000000002,5.349815087676179,28557440000.0,5.349815087676179
2017-04-30,56.43561428571428,2017.0,4.0,10658.9130859375,49.46,5.349815087676179,28557440000.0,5.349815087676179
2017-05-31,56.950068421052634,2017.0,5.0,10658.9130859375,49.4,5.34981508767618,28557440000.0,5.34981508767618
2017-06-30,57.89317619047618,2017.0,6.0,10658.9130859375,47.080000000000005,5.349815087676179,28557440000.0,5.349815087676179
2017-07-31,59.69267619047619,2017.0,7.0,10658.9130859375,51.989999999999995,5.349815087676179,28557440000.0,5.349815087676179
2017-08-31,59.61272608695652,2017.0,8.0,10658.9130859375,52.69000000000001,5.349815087676179,28557440000.0,5.349815087676179
2017-09-30,57.74469090909092,2017.0,9.0,10658.9130859375,57.02,5.349815087676179,28557440000.0,5.349815087676179
2017-10-31,57.698052380952376,2017.0,10.0,10658.9130859375,61.34999999999999,5.349815087676179,28557440000.0,5.349815087676179
2017-11-30,58.92655238095239,2017.0,11.0,10658.9130859375,63.529999999999994,5.349815087676179,28557440000.0,5.349815087676179
2017-12-31,58.573854545454566,2017.0,12.0,10658.9130859375,66.73,5.349815087676179,28557440000.0,5.349815087676179
2018-01-31,56.498099999999994,2018.0,1.0,11211.8876953125,67.78,9.99797671148308,8784850000.0,9.99797671148308
2018-02-28,56.8067052631579,2018.0,2.0,11211.8876953125,66.07999999999998,9.997976711483082,8784850000.0,9.997976711483082
2018-03-31,57.063604761904756,2018.0,3.0,11211.8876953125,69.02,9.997976711483082,8784850000.0,9.997976711483082
2018-04-30,60.76989047619046,2018.0,4.0,11211.8876953125,75.92000000000002,9.997976711483082,8784850000.0,9.997976711483082
2018-05-31,62.2309,2018.0,5.0,11211.8876953125,76.45,9.997976711483082,8784850000.0,9.997976711483082
2018-06-30,62.76850476190475,2018.0,6.0,11211.8876953125,77.44000000000001,9.997976711483082,8784850000.0,9.997976711483082
2018-07-31,62.86194761904763,2018.0,7.0,11211.8876953125,74.16000000000001,9.997976711483082,8784850000.0,9.997976711483082
2018-08-31,66.07640869565218,2018.0,8.0,11211.8876953125,76.94000000000001,9.997976711483084,8784850000.0,9.997976711483084
2018-09-30,67.66609523809522,2018.0,9.0,11211.8876953125,82.72,9.997976711483082,8784850000.0,9.997976711483082
2018-10-31,65.85452727272728,2018.0,10.0,11211.8876953125,74.83999999999997,9.997976711483084,8784850000.0,9.997976711483084
2018-11-30,66.35568095238096,2018.0,11.0,11211.8876953125,57.71,9.997976711483082,8784850000.0,9.997976711483082
2018-12-31,67.33531363636365,2018.0,12.0,11211.8876953125,50.57000000000001,9.997976711483084,8784850000.0,9.997976711483084
2019-01-31,66.51254374999999,2019.0,1.0,11447.701171875,62.46,3.26313281881684,31974770000.0,3.26313281881684
2019-02-28,65.81052500000001,2019.0,2.0,11447.701171875,65.03,3.2631328188168403,31974770000.0,3.2631328188168403
2019-03-31,65.09225714285714,2019.0,3.0,11447.701171875,67.93000000000002,3.2631328188168403,31974770000.0,3.2631328188168403
2019-04-30,64.60310476190477,2019.0,4.0,11447.701171875,72.19000000000001,3.2631328188168403,31974770000.0,3.2631328188168403
2019-05-31,64.81870555555555,2019.0,5.0,11447.701171875,66.78,3.2631328188168403,31974770000.0,3.2631328188168403
2019-06-30,64.16905,2019.0,6.0,11447.701171875,67.52,3.2631328188168403,31974770000.0,3.2631328188168403
2019-07-31,63.222681818181826,2019.0,7.0,11447.701171875,64.06999999999998,3.2631328188168407,31974770000.0,3.2631328188168407
2019-08-31,65.58748260869565,2019.0,8.0,11447.701171875,61.03999999999999,3.2631328188168407,31974770000.0,3.2631328188168407
2019-09-30,64.95870500000001,2019.0,9.0,11447.701171875,60.989999999999995,3.2631328188168403,31974770000.0,3.2631328188168403
2019-10-31,64.37499130434783,2019.0,10.0,11447.701171875,59.29999999999998,3.2631328188168407,31974770000.0,3.2631328188168407
2019-11-30,63.867119047619035,2019.0,11.0,11447.701171875,64.5,3.2631328188168403,31974770000.0,3.2631328188168403
2019-12-31,62.932538095238094,2019.0,12.0,11447.701171875,67.77,3.2631328188168403,31974770000.0,3.2631328188168403
2020-01-31,61.81214705882354,2020.0,1.0,10108.3271484375,57.77,0.898246027195242,9478810000.0,0.898246027195242
2020-02-29,63.97975,2020.0,2.0,10108.3271484375,51.30999999999999,0.8982460271952422,9478810000.0,0.8982460271952422
2020-03-31,73.71944210526316,2020.0,3.0,10108.3271484375,14.850000000000001,0.8982460271952422,9478810000.0,0.8982460271952422
2020-04-30,74.76353333333333,2020.0,4.0,10108.3271484375,18.11,0.8982460271952422,9478810000.0,0.8982460271952422
2020-05-31,72.50029444444444,2020.0,5.0,10108.3271484375,34.15,0.8982460271952422,9478810000.0,0.8982460271952422
2020-06-30,69.196715,2020.0,6.0,10108.3271484375,41.64,0.8982460271952422,9478810000.0,0.8982460271952422
2020-07-31,71.29407391304348,2020.0,7.0,10108.3271484375,43.13,0.898246027195242,9478810000.0,0.898246027195242
2020-08-31,73.79810952380953,2020.0,8.0,10108.3271484375,45.220000000000006,0.8982460271952422,9478810000.0,0.8982460271952422
2020-09-30,75.72798636363635,2020.0,9.0,10108.3271484375,40.29999999999998,0.898246027195242,9478810000.0,0.898246027195242
2020-10-31,77.66354782608695,2020.0,10.0,10108.3271484375,36.33000000000001,0.898246027195242,9478810000.0,0.898246027195242
2020-11-30,76.83946842105263,2020.0,11.0,10108.3271484375,46.84000000000001,0.8982460271952422,9478810000.0,0.8982460271952422
2020-12-31,74.21670434782608,2020.0,12.0,10108.3271484375,51.220000000000006,0.898246027195242,9478810000.0,0.898246027195242
2021-01-31,74.39247499999999,2021.0,1.0,12425.029296875,55.25,18.2091007441068,40450000000.0,18.2091007441068
2021-02-28,74.3168157894737,2021.0,2.0,12425.029296875,65.85999999999999,18.209100744106802,40450000000.0,18.209100744106802
2021-03-31,74.39713333333331,2021.0,3.0,12425.029296875,63.52,18.209100744106802,40450000000.0,18.209100744106802
2021-04-30,76.14393181818183,2021.0,4.0,12425.029296875,67.73,18.209100744106806,40450000000.0,18.209100744106806
2021-05-31,74.00427368421053,2021.0,5.0,12425.029296875,69.35999999999999,18.209100744106802,40450000000.0,18.209100744106802
2021-06-30,72.61685714285716,2021.0,6.0,12425.029296875,76.94000000000001,18.209100744106802,40450000000.0,18.209100744106802
2021-07-31,73.88989130434783,2021.0,7.0,12425.029296875,77.72000000000001,18.209100744106806,40450000000.0,18.209100744106806
2021-08-31,73.58273333333334,2021.0,8.0,12425.029296875,73.45000000000002,18.209100744106802,40450000000.0,18.209100744106802
2021-09-30,72.92621818181819,2021.0,9.0,12425.029296875,77.80999999999999,18.209100744106806,40450000000.0,18.209100744106806
2021-10-31,71.45009090909092,2021.0,10.0,12425.029296875,83.09999999999997,18.209100744106806,40450000000.0,18.209100744106806
2021-11-30,72.6989105263158,2021.0,11.0,12425.029296875,70.85999999999999,18.209100744106802,40450000000.0,18.209100744106802
2021-12-31,73.76931304347826,2021.0,12.0,12425.029296875,77.24,18.209100744106806,40450000000.0,18.209100744106806
2022-01-31,76.59474666666667,2022.0,1.0,15619.6142578125,92.34999999999998,18.184689261661795,-39800944226.9806,18.184689261661795
2022-02-28,77.16937368421053,2022.0,2.0,15619.6142578125,103.07999999999998,18.1846892616618,-39800944226.9806,18.1846892616618
2022-03-31,103.47004545454546,2022.0,3.0,15619.6142578125,107.29,18.184689261661795,-39800944226.9806,18.184689261661795
2022-04-30,77.89918636363637,2022.0,4.0,15619.6142578125,108.36,18.184689261661795,-39800944226.9806,18.184689261661795
2022-05-31,63.312741176470595,2022.0,5.0,15619.6142578125,125.53000000000002,18.1846892616618,-39800944226.9806,18.1846892616618
2022-06-30,57.178557142857144,2022.0,6.0,15619.6142578125,119.78000000000003,18.184689261661795,-39800944226.9806,18.184689261661795
2022-07-31,58.221399999999996,2022.0,7.0,15619.6142578125,111.51000000000003,18.184689261661795,-39800944226.9806,18.184689261661795
2022-08-31,60.39191818181817,2022.0,8.0,15619.6142578125,96.55,18.184689261661795,-39800944226.9806,18.184689261661795
2022-09-30,59.82150000000001,2022.0,9.0,15619.6142578125,88.90000000000003,18.184689261661795,-39800944226.9806,18.184689261661795
2022-10-31,61.11584285714285,2022.0,10.0,15619.6142578125,93.29999999999998,18.184689261661795,-39800944226.9806,18.184689261661795
2022-11-30,60.85299523809524,2022.0,11.0,15619.6142578125,85.60999999999997,18.184689261661795,-39800944226.9806,18.184689261661795
2022-12-31,65.81498695652175,2022.0,12.0,15619.6142578125,82.81999999999998,18.184689261661795,-39800944226.9806,18.184689261661795
2023-01-31,68.875975,2023.0,1.0,14159.3876953125,83.42,7.99857099742052,-10045110000.0,7.99857099742052
2023-02-28,72.78275,2023.0,2.0,14159.3876953125,83.21,7.998570997420521,-10045110000.0,7.998570997420521
2023-03-31,76.10358636363637,2023.0,3.0,14159.3876953125,79.19000000000001,7.998570997420523,-10045110000.0,7.998570997420523
2023-04-30,80.99554285714285,2023.0,4.0,14159.3876953125,81.31999999999998,7.998570997420522,-10045110000.0,7.998570997420522
2023-05-31,79.2125947368421,2023.0,5.0,14159.3876953125,71.98,7.998570997420522,-10045110000.0,7.998570997420522
2023-06-30,83.31933333333333,2023.0,6.0,14159.3876953125,74.51,7.998570997420522,-10045110000.0,7.998570997420522
2023-07-31,90.47404761904762,2023.0,7.0,14159.3876953125,85.22,7.998570997420522,-10045110000.0,7.998570997420522
2023-08-31,95.28534782608696,2023.0,8.0,14159.3876953125,87.28999999999999,7.998570997420523,-10045110000.0,7.998570997420523
2023-09-30,96.62225909090907,2023.0,9.0,14159.3876953125,95.85999999999999,7.998570997420523,-10045110000.0,7.998570997420523
2023-10-31,97.12228095238095,2023.0,10.0,14159.3876953125,86.81999999999998,7.998570997420522,-10045110000.0,7.998570997420522
2023-11-30,90.41279047619048,2023.0,11.0,14159.3876953125,81.72,7.998570997420522,-10045110000.0,7.998570997420522
2023-12-31,90.81718636363637,2023.0,12.0,14159.3876953125,77.69000000000001,7.998570997420523,-10045110000.0,7.998570997420523
2024-01-31,88.6802875,2024.0,1.0,14889.0185546875,82.98,9.27567104020601,-8175980000.0,9.27567104020601
2024-02-29,91.51825500000001,2024.0,2.0,14889.0185546875,84.56999999999998,9.275671040206012,-8175980000.0,9.275671040206012
2024-03-31,91.73163333333333,2024.0,3.0,14889.0185546875,86.17000000000002,9.275671040206012,-8175980000.0,9.275671040206012
2024-04-30,92.95856666666666,2024.0,4.0,14889.0185546875,88.23,9.275671040206012,-8175980000.0,9.275671040206012
2024-05-31,90.60715263157896,2024.0,5.0,14889.0185546875,79.41000000000001,9.275671040206012,-8175980000.0,9.275671040206012
2024-06-30,87.75688,2024.0,6.0,14889.0185546875,87.26,9.275671040206012,-8175980000.0,9.275671040206012
2024-07-31,87.49164999999999,2024.0,7.0,14889.0185546875,81.39000000000003,9.275671040206014,-8175980000.0,9.275671040206014
2024-08-31,89.16016086956522,2024.0,8.0,14889.0185546875,80.20000000000002,9.275671040206014,-8175980000.0,9.275671040206014
2024-09-30,91.234505,2024.0,9.0,14889.0185546875,72.34999999999998,9.275671040206012,-8175980000.0,9.275671040206012
2024-10-31,96.16022608695651,2024.0,10.0,14889.0185546875,73.25,9.275671040206014,-8175980000.0,9.275671040206014
2024-11-30,100.68744999999998,2024.0,11.0,14889.0185546875,74.16000000000003,9.275671040206014,-8175980000.0,9.275671040206014
2024-12-31,102.25964761904763,2024.0,12.0,14889.0185546875,74.57999999999998,9.275671040206012,-8175980000.0,9.275671040206012
2025-01-31,100.68357391304349,2025.0,1.0,14260.0,77.10999999999997,8.199999999999996,3300000000.0,8.139999999999997
2025-02-28,92.39455454545454,2025.0,2.0,14260.0,74.76,8.199999999999996,3300000000.0,8.139999999999997
2025-03-31,86.09760000000001,2025.0,3.0,14260.0,77.23,8.199999999999996,3300000000.0,8.139999999999997
2025-04-30,83.24364545454544,2025.0,4.0,14260.0,63.369999999999976,8.199999999999996,3300000000.0,8.139999999999997
2025-05-31,80.23765,2025.0,5.0,14260.0,64.31999999999998,8.199999999999998,3300000000.0,8.139999999999997
2025-06-30,78.677635,2025.0,6.0,14260.0,68.15000000000002,8.199999999999998,3300000000.0,8.139999999999997
2025-07-31,78.85013913043477,2025.0,7.0,14260.0,73.43000000000002,8.199999999999996,3300000000.0,8.139999999999997
2025-08-31,80.01365625,2025.0,8.0,14260.0,67.83,8.2,3300000000.0,8.14
