date,old_RUB,year,month,GDP_per_capita,Brent_price,GDP_deflator,FD_investment,Inflation,currency_rate_change,sov_disrupt,denomination,RUB,RUB_diff1,RUB_diff12
1992-08-31,170.4,1992.0,8.0,3098.802734375,19.650000000000002,1490.4184248448,1161000000.0,1490.4184248448,4.335645693374331,1.0,pre,0.1704,0.007249999999999997,0.03932333333333333
1992-09-30,220.4888888888889,1992.0,9.0,3098.802734375,20.18,1490.4184248448,1161000000.0,1490.4184248448,2.5464037066626535,1.0,pre,0.22048888888888887,0.005444444444444446,0.060633333333333345
1992-10-31,353.77777777777777,1992.0,10.0,3098.802734375,19.13,1490.4184248448,1161000000.0,1490.4184248448,5.348117888702751,1.0,pre,0.3537777777777778,0.016,0.15632222222222222
1992-11-30,426.25,1992.0,11.0,3098.802734375,19.25,1490.4184248448,1161000000.0,1490.4184248448,1.4910994675461393,1.0,pre,0.42625,0.0061249999999999985,0.12625
1992-12-31,414.55555555555554,1992.0,12.0,3098.802734375,17.85,1490.4184248448,1161000000.0,1490.4184248448,-0.7854868143996053,1.0,pre,0.41455555555555557,-0.0036111111111111144,0.01544444444444442
1993-01-31,484.2142857142857,1993.0,1.0,2930.6701660156295,18.48,887.840736234023,1210782000.0,887.840736234023,4.814671450876863,1.0,pre,0.4842142857142857,0.022499999999999996,0.055928571428571404
1993-02-28,569.0,1993.0,2.0,2930.67016601563,18.83,887.840736234023,1210782000.0,887.840736234023,0.4640790399276201,1.0,pre,0.569,0.0026250000000000023,0.14900000000000002
1993-03-31,664.5555555555555,1993.0,3.0,2930.67016601563,18.7,887.840736234023,1210782000.0,887.840736234023,1.6379857420029416,1.0,pre,0.6645555555555557,0.01011111111111112,0.11661111111111115
1993-04-30,767.2222222222222,1993.0,4.0,2930.67016601563,18.85,887.840736234023,1210782000.0,887.840736234023,2.082184495356591,1.0,pre,0.7672222222222224,0.015444444444444434,0.13866666666666666
1993-05-31,914.5714285714286,1993.0,5.0,2930.6701660156295,18.430000000000003,887.840736234023,1210782000.0,887.840736234023,2.7457684938741025,1.0,pre,0.9145714285714286,0.024428571428571435,0.20571428571428568
1993-06-30,1079.625,1993.0,6.0,2930.67016601563,17.43,887.840736234023,1210782000.0,887.840736234023,0.8368096981753295,1.0,pre,1.079625,0.008250000000000007,0.25850000000000006
1993-07-31,1025.5,1993.0,7.0,2930.67016601563,16.85,887.840736234023,1210782000.0,887.840736234023,-0.7603401126862839,1.0,pre,1.0255,-0.007833333333333335,-0.0033888888888889226
1993-08-31,985.5625,1993.0,8.0,2930.67016601563,16.73,887.840736234023,1210782000.0,887.840736234023,-0.05686259847238889,1.0,pre,0.9855625,-0.0005625000000000074,-0.0685625
1993-09-30,1058.611111111111,1993.0,9.0,2930.67016601563,17.23,887.840736234023,1210782000.0,887.840736234023,2.547933411894406,1.0,pre,1.0586111111111112,0.024000000000000007,0.06661111111111111
1993-10-31,1185.75,1993.0,10.0,2930.67016601563,15.43,887.840736234023,1210782000.0,887.840736234023,-0.15113529114532398,1.0,pre,1.18575,-0.0018750000000000155,0.19331250000000003
1993-11-30,1190.75,1993.0,11.0,2930.67016601563,14.23,887.840736234023,1210782000.0,887.840736234023,0.2940032210825283,1.0,pre,1.19075,0.003500000000000003,0.03187499999999999
1993-12-31,1238.888888888889,1993.0,12.0,2930.67016601563,13.18,887.840736234023,1210782000.0,887.840736234023,0.29974605010826394,1.0,pre,1.238888888888889,0.003666666666666682,0.05422222222222227
1994-01-31,1435.857142857143,1994.0,1.0,2662.10400390625,14.83,307.29805689706103,689570000.0,307.29805689706103,3.1426615928493513,1.0,pre,1.4358571428571427,0.042142857142857135,0.21528571428571425
1994-02-28,1579.125,1994.0,2.0,2662.10400390625,13.59,307.298056897061,689570000.0,307.298056897061,0.9135007996679836,1.0,pre,1.579125,0.014374999999999999,0.31174999999999997
1994-03-31,1717.25,1994.0,3.0,2662.10400390625,13.25,307.298056897061,689570000.0,307.298056897061,0.7070027271926821,1.0,pre,1.71725,0.011999999999999983,0.16724999999999995
1994-04-30,1790.111111111111,1994.0,4.0,2662.10400390625,15.350000000000001,307.298056897061,689570000.0,307.298056897061,0.41847604383126796,1.0,pre,1.7901111111111112,0.007444444444444464,0.13644444444444448
1994-05-31,1876.5714285714287,1994.0,5.0,2662.10400390625,16.180000000000003,307.29805689706103,689570000.0,307.29805689706103,0.625398956473054,1.0,pre,1.8765714285714286,0.011571428571428566,0.11757142857142863
1994-06-30,1952.2222222222222,1994.0,6.0,2662.10400390625,17.45,307.298056897061,689570000.0,307.298056897061,0.48213987582204076,1.0,pre,1.9522222222222223,0.009333333333333341,0.1202222222222222
1994-07-31,2022.888888888889,1994.0,7.0,2662.10400390625,18.48,307.298056897061,689570000.0,307.298056897061,0.3698609730999447,1.0,pre,2.0228888888888887,0.007444444444444438,0.09911111111111112
1994-08-31,2118.222222222222,1994.0,8.0,2662.10400390625,16.03,307.298056897061,689570000.0,307.298056897061,0.5364532979438188,1.0,pre,2.1182222222222222,0.01122222222222222,0.11811111111111113
1994-09-30,2346.4444444444443,1994.0,9.0,2662.10400390625,16.73,307.298056897061,689570000.0,307.298056897061,2.1142703919904484,1.0,pre,2.3464444444444443,0.04922222222222223,0.26511111111111113
1994-10-31,3065.375,1994.0,10.0,2662.10400390625,17.18,307.298056897061,689570000.0,307.298056897061,3.2278825400110502,1.0,pre,3.065375,0.05737500000000001,0.8502500000000001
1994-11-30,3144.0,1994.0,11.0,2662.10400390625,16.95,307.298056897061,689570000.0,307.298056897061,0.6284331599936676,1.0,pre,3.144,0.019666666666666673,0.33466666666666656
1994-12-31,3388.222222222222,1994.0,12.0,2662.10400390625,16.23,307.298056897061,689570000.0,307.298056897061,1.0487277619300646,1.0,pre,3.3882222222222222,0.03533333333333329,0.30133333333333334
1995-01-31,3836.285714285714,1995.0,1.0,2665.77978515625,16.8,144.006867163195,2065720000.0,144.006867163195,1.7365209207561507,1.0,pre,3.8362857142857143,0.06485714285714282,0.5808571428571428
1995-02-28,4214.75,1995.0,2.0,2665.77978515625,17.23,144.006867163195,2065720000.0,144.006867163195,1.2062975855325315,1.0,pre,4.21475,0.05037500000000006,0.6633749999999999
1995-03-31,4721.0,1995.0,3.0,2665.77978515625,17.979999999999997,144.006867163195,2065720000.0,144.006867163195,1.0611171291615151,1.0,pre,4.721,0.04900000000000002,0.6487
1995-04-30,5024.125,1995.0,4.0,2665.77978515625,18.98,144.006867163195,2065720000.0,144.006867163195,0.5095137888633792,1.0,pre,5.024125,0.025374999999999925,0.46162499999999995
1995-05-31,5053.857142857143,1995.0,5.0,2665.77978515625,17.58,144.006867163195,2065720000.0,144.006867163195,-0.29440290932735463,1.0,pre,5.053857142857143,-0.014999999999999934,0.14785714285714288
1995-06-30,4724.555555555556,1995.0,6.0,2665.77978515625,16.58,144.006867163195,2065720000.0,144.006867163195,-1.0504162235133077,1.0,pre,4.724555555555556,-0.05077777777777776,-0.34544444444444433
1995-07-31,4522.5,1995.0,7.0,2665.77978515625,15.78,144.006867163195,2065720000.0,144.006867163195,-0.339972722411129,1.0,pre,4.5225,-0.015375000000000028,-0.402875
1995-08-31,4415.0,1995.0,8.0,2665.77978515625,16.2,144.006867163195,2065720000.0,144.006867163195,0.05043479642143911,1.0,pre,4.415000000000001,0.002222222222222175,-0.13611111111111118
1995-09-30,4471.555555555556,1995.0,9.0,2665.77978515625,16.58,144.006867163195,2065720000.0,144.006867163195,0.18197786898865,1.0,pre,4.471555555555556,0.008111111111111156,0.043333333333333196
1995-10-31,4501.25,1995.0,10.0,2665.77978515625,16.58,144.006867163195,2065720000.0,144.006867163195,-0.010944564376585975,1.0,pre,4.501250000000001,-0.000500000000000056,0.05112500000000009
1995-11-30,4539.0,1995.0,11.0,2665.77978515625,17.13,144.006867163195,2065720000.0,144.006867163195,0.20399692232652145,1.0,pre,4.539000000000001,0.009250000000000091,0.04849999999999999
1995-12-31,4619.75,1995.0,12.0,2665.77978515625,18.65,144.006867163195,2065720000.0,144.006867163195,0.16856251033598862,1.0,pre,4.61975,0.007749999999999924,0.10825000000000007
1996-01-31,4688.625,1996.0,1.0,2643.92919921875,16.63,46.0363776683441,2579330000.0,46.0363776683441,0.2458154449545613,1.0,pre,4.688625,0.011500000000000066,0.1101249999999998
1996-02-29,4761.375,1996.0,2.0,2643.92919921875,18.8,46.0363776683441,2579330000.0,46.0363776683441,0.21777858154164442,1.0,pre,4.761375,0.010375000000000023,0.1056250000000003
1996-03-31,4834.888888888889,1996.0,3.0,2643.92919921875,20.33,46.0363776683441,2579330000.0,46.0363776683441,0.08967846545297536,1.0,pre,4.834888888888888,0.0043333333333333,0.10644444444444437
1996-04-30,4901.5,1996.0,4.0,2643.92919921875,19.5,46.0363776683441,2579330000.0,46.0363776683441,0.19950925568844868,1.0,pre,4.9014999999999995,0.009750000000000036,0.08950000000000002
1996-05-31,4988.142857142857,1996.0,5.0,2643.92919921875,18.099999999999998,46.036377668344116,2579330000.0,46.036377668344116,0.11790580298457239,1.0,pre,4.988142857142856,0.005857142857142846,0.09542857142857145
1996-06-30,5055.85,1996.0,6.0,2643.92919921875,19.279999999999994,46.03637766834411,2579330000.0,46.03637766834411,0.09294131299469599,1.0,pre,5.05585,0.004699999999999971,0.04489999999999994
1996-07-31,5148.333333333333,1996.0,7.0,2643.92919921875,19.0,46.03637766834411,2579330000.0,46.03637766834411,0.07680394593688163,1.0,pre,5.148333333333333,0.0039523809523809615,0.054047619047619
1996-08-31,5282.608695652174,1996.0,8.0,2643.92919921875,20.980000000000008,46.03637766834411,2579330000.0,46.03637766834411,0.12722766762452745,1.0,pre,5.282608695652173,0.00669565217391304,0.08039130434782606
1996-09-30,5371.5,1996.0,9.0,2643.92919921875,24.149999999999995,46.03637766834411,2579330000.0,46.03637766834411,0.047494886642343026,1.0,pre,5.3715,0.002550000000000008,0.03885000000000014
1996-10-31,5431.391304347826,1996.0,10.0,2643.92919921875,22.800000000000004,46.03637766834411,2579330000.0,46.03637766834411,0.047300251592936216,1.0,pre,5.431391304347827,0.002565217391304355,0.03078260869565218
1996-11-30,5482.952380952381,1996.0,11.0,2643.92919921875,23.170000000000005,46.03637766834411,2579330000.0,46.03637766834411,0.04865288528492561,1.0,pre,5.48295238095238,0.002666666666666669,0.030142857142857058
1996-12-31,5536.857142857143,1996.0,12.0,2643.92919921875,23.899999999999995,46.03637766834411,2579330000.0,46.03637766834411,0.04216416901078588,1.0,pre,5.5368571428571425,0.002333333333333309,0.030714285714285694
1997-01-31,5600.85,1997.0,1.0,2737.5720214843805,23.279999999999994,15.058503642684604,4864650000.0,15.058503642684604,0.06169406456525195,0.0,pre,5.600849999999999,0.0034499999999999973,0.039550000000000154
1997-02-28,5653.825,1997.0,2.0,2737.5720214843805,19.44,15.058503642684604,4864650000.0,15.058503642684604,0.04158447110291785,0.0,pre,5.653825,0.00235000000000003,0.02954999999999992
1997-03-31,5703.925,1997.0,3.0,2737.5720214843805,18.529999999999994,15.058503642684604,4864650000.0,15.058503642684604,0.043862514620391924,0.0,pre,5.703925,0.002499999999999991,0.029899999999999993
1997-04-30,5747.272727272727,1997.0,4.0,2737.5720214843805,18.25,15.058503642684606,4864650000.0,15.058503642684606,0.028493144104625345,0.0,pre,5.747272727272728,0.0016363636363636177,0.02290909090909089
1997-05-31,5770.45,1997.0,5.0,2737.5720214843805,18.990000000000002,15.058503642684604,4864650000.0,15.058503642684604,0.009537812986912253,0.0,pre,5.770449999999999,0.000550000000000006,0.010099999999999998
1997-06-30,5780.026315789473,1997.0,6.0,2737.5720214843805,18.220000000000002,15.058503642684604,4864650000.0,15.058503642684604,0.00819976157767983,0.0,pre,5.780026315789473,0.00047368421052633377,0.006315789473684263
1997-07-31,5787.347826086957,1997.0,7.0,2737.572021484381,18.94,15.058503642684608,4864650000.0,15.058503642684608,0.012016152467356333,0.0,pre,5.787347826086956,0.0006956521739130441,0.00482608695652169
1997-08-31,5811.886363636364,1997.0,8.0,2737.5720214843805,17.980000000000004,15.058503642684606,4864650000.0,15.058503642684606,0.025022445176791187,0.0,pre,5.811886363636364,0.0014545454545454558,0.0146818181818182
1997-09-30,5846.976190476191,1997.0,9.0,2737.5720214843805,19.959999999999997,15.058503642684606,4864650000.0,15.058503642684606,0.024444730628183007,0.0,pre,5.846976190476191,0.0014285714285714405,0.02035714285714291
1997-10-31,5874.869565217391,1997.0,10.0,2737.572021484381,19.420000000000005,15.058503642684608,4864650000.0,15.058503642684608,0.01998937817647223,0.0,pre,5.874869565217392,0.0011739130434782281,0.013913043478260766
1997-11-30,5902.8,1997.0,11.0,2737.5720214843805,18.959999999999997,15.058503642684604,4864650000.0,15.058503642684604,0.027110745580924966,0.0,pre,5.9028,0.0016000000000000014,0.017350000000000067
1997-12-31,5940.7,1997.0,12.0,2737.5720214843805,15.860000000000003,15.058503642684604,4864650000.0,15.058503642684604,0.0345236855544101,0.0,pre,5.9407,0.0020500000000000184,0.022924999999999994
1998-01-31,5.99665,1998.0,1.0,1834.86181640625,15.589999999999995,18.538967341902396,2761360000.0,18.538967341902396,-4.939909475295409,0.0,post,5.99665,0.0032999999999999917,0.03884999999999992
1998-02-28,6.05085,1998.0,2.0,1834.86181640625,13.529999999999998,18.538967341902396,2761360000.0,18.538967341902396,0.03803051559516102,0.0,post,6.05085,0.002300000000000013,0.02860000000000009
1998-03-31,6.089924999999999,1998.0,3.0,1834.86181640625,13.87,18.538967341902396,2761360000.0,18.538967341902396,0.027923418646798037,0.0,post,6.089924999999999,0.0016999999999999904,0.021975000000000078
1998-04-30,6.123772727272728,1998.0,4.0,1834.86181640625,13.790000000000003,18.538967341902392,2761360000.0,18.538967341902392,0.020057970359222865,0.0,post,6.123772727272728,0.0012272727272727333,0.018068181818181737
1998-05-31,6.149447368421053,1998.0,5.0,1834.86181640625,14.03,18.538967341902396,2761360000.0,18.538967341902396,0.026544857560403666,0.0,post,6.149447368421053,0.001631578947368405,0.016552631578947402
1998-06-30,6.1801,1998.0,6.0,1834.86181640625,11.84,18.538967341902396,2761360000.0,18.538967341902396,0.02750917507207462,0.0,post,6.1801,0.0017000000000000348,0.019025000000000025
1998-07-31,6.21641304347826,1998.0,7.0,1834.86181640625,12.63,18.538967341902392,2761360000.0,18.538967341902392,0.027974471541723233,0.0,post,6.21641304347826,0.0017391304347826103,0.019195652173913103
1998-08-31,6.751785714285714,1998.0,8.0,1834.86181640625,12.06,18.538967341902396,2761360000.0,18.538967341902396,1.164568719207762,0.0,post,6.751785714285714,0.07938095238095237,0.5141904761904761
1998-09-30,14.408472727272727,1998.0,9.0,1834.86181640625,14.709999999999997,18.538967341902392,2761360000.0,18.538967341902392,4.3217101478151765,0.0,post,14.408472727272727,0.3708863636363635,4.009522727272728
1998-10-31,15.908821739130435,1998.0,10.0,1834.86181640625,12.0,18.538967341902392,2761360000.0,18.538967341902392,0.10315426070291339,0.0,post,15.908821739130435,-0.002369565217391188,0.9316521739130438
1998-11-30,16.47421052631579,1998.0,11.0,1834.86181640625,9.91,18.538967341902396,2761360000.0,18.538967341902396,0.5965930818900663,0.0,post,16.47421052631579,0.09842105263157881,0.5031578947368418
1998-12-31,19.99318181818182,1998.0,12.0,1834.86181640625,10.539999999999997,18.538967341902392,2761360000.0,18.538967341902392,0.6844221193276,0.0,post,19.99318181818182,0.1259090909090909,1.8772727272727272
1999-01-31,22.284736842105264,1999.0,1.0,1330.7572021484402,11.34,72.3866054661464,3256530000.0,72.3866054661464,0.5001626265527248,0.0,post,22.284736842105264,0.10263157894736857,1.2826315789473686
1999-02-28,22.91,1999.0,2.0,1330.7572021484402,10.580000000000002,72.3866054661464,3256530000.0,72.3866054661464,0.058596956766357455,0.0,post,22.91,0.0129999999999999,0.20299999999999993
1999-03-31,23.50047619047619,1999.0,3.0,1330.7572021484402,15.019999999999998,72.3866054661464,3256530000.0,72.3866054661464,0.26868725274276395,0.0,post,23.50047619047619,0.06285714285714288,0.5766666666666667
1999-04-30,24.729090909090907,1999.0,4.0,1330.7572021484402,16.449999999999996,72.3866054661464,3256530000.0,72.3866054661464,0.011099944036276697,0.0,post,24.729090909090907,0.002272727272727305,0.4054545454545455
1999-05-31,24.45888888888889,1999.0,5.0,1330.7572021484402,14.75,72.3866054661464,3256530000.0,72.3866054661464,0.05067470925570472,0.0,post,24.45888888888889,0.011666666666666714,0.025555555555555602
1999-06-30,24.28857142857143,1999.0,6.0,1330.7572021484402,16.970000000000006,72.3866054661464,3256530000.0,72.3866054661464,-0.043041344702363225,0.0,post,24.28857142857143,-0.010476190476190592,-0.24428571428571458
1999-07-31,24.303043478260882,1999.0,7.0,1330.7572021484405,19.970000000000006,72.3866054661464,3256530000.0,72.3866054661464,-0.005212199346255294,0.0,post,24.303043478260882,-0.0013043478260868515,0.010869565217391458
1999-08-31,24.71047619047619,1999.0,8.0,1330.7572021484402,21.079999999999995,72.3866054661464,3256530000.0,72.3866054661464,0.11189635893710143,0.0,post,24.71047619047619,0.026666666666666606,0.2890476190476192
1999-09-30,25.45545454545455,1999.0,9.0,1330.7572021484402,22.980000000000004,72.3866054661464,3256530000.0,72.3866054661464,0.06256057984167457,0.0,post,25.45545454545455,0.014999999999999923,0.3140909090909086
1999-10-31,25.726818181818178,1999.0,10.0,1330.7572021484402,21.110000000000003,72.3866054661464,3256530000.0,72.3866054661464,0.17397664076295222,0.0,post,25.726818181818178,0.0440909090909092,0.26727272727272755
1999-11-30,26.308,1999.0,11.0,1330.7572021484402,25.199999999999996,72.3866054661464,3256530000.0,72.3866054661464,0.07118305942660108,0.0,post,26.308,0.01850000000000005,0.3344999999999997
1999-12-31,26.794761904761906,1999.0,12.0,1330.7572021484402,24.93,72.3866054661464,3256530000.0,72.3866054661464,0.10383849461672114,0.0,post,26.794761904761906,0.027619047619047536,0.2466666666666668
2000-01-31,28.253333333333337,2000.0,1.0,1771.5941162109402,27.08,37.69792821230969,2678030000.0,37.69792821230969,0.3140542810972708,0.0,post,28.253333333333337,0.08611111111111115,1.1472222222222226
2000-02-29,28.724285714285717,2000.0,2.0,1771.59411621094,29.01,37.697928212309684,2678030000.0,37.697928212309684,0.018551700976662942,0.0,post,28.724285714285717,0.005238095238095211,0.12809523809523765
2000-03-31,28.45772727272727,2000.0,3.0,1771.5941162109398,23.980000000000004,37.697928212309684,2678030000.0,37.697928212309684,-0.031704465030242164,0.0,post,28.45772727272727,-0.00909090909090906,-0.2122727272727272
2000-04-30,28.595238095238095,2000.0,4.0,1771.59411621094,23.790000000000003,37.697928212309684,2678030000.0,37.697928212309684,-0.009646581355869457,0.0,post,28.595238095238095,-0.0028571428571429656,0.09952380952381003
2000-05-31,28.306315789473683,2000.0,5.0,1771.5941162109402,29.639999999999997,37.69792821230969,2678030000.0,37.69792821230969,-0.027848066515356873,0.0,post,28.306315789473683,-0.007894736842105189,-0.1642105263157899
2000-06-30,28.240952380952383,2000.0,6.0,1771.59411621094,31.58000000000001,37.697928212309684,2678030000.0,37.697928212309684,-0.030258352069437035,0.0,post,28.240952380952383,-0.008571428571428558,-0.050952380952380964
2000-07-31,27.845714285714287,2000.0,7.0,1771.59411621094,25.300000000000004,37.697928212309684,2678030000.0,37.697928212309684,-0.045924623379504995,0.0,post,27.845714285714287,-0.012857142857142836,-0.26190476190476175
2000-08-31,27.737826086956527,2000.0,8.0,1771.5941162109398,35.08000000000001,37.697928212309684,2678030000.0,37.697928212309684,-0.007793842232627019,0.0,post,27.737826086956527,-0.0021739130434782917,-0.007391304347826161
2000-09-30,27.798636363636366,2000.0,9.0,1771.5941162109398,28.419999999999995,37.697928212309684,2678030000.0,37.697928212309684,8.765054258558729e-05,0.0,post,27.798636363636366,0.0,0.034545454545454615
2000-10-31,27.870000000000005,2000.0,10.0,1771.59411621094,30.149999999999995,37.697928212309684,2678030000.0,37.697928212309684,0.013835163712493962,0.0,post,27.870000000000005,0.0038095238095237284,0.05666666666666656
2000-11-30,27.80714285714286,2000.0,11.0,1771.59411621094,32.529999999999994,37.697928212309684,2678030000.0,37.697928212309684,0.003515491464069936,0.0,post,27.80714285714286,0.0009523809523811012,-0.04095238095238093
2000-12-31,27.979523809523805,2000.0,12.0,1771.59411621094,22.579999999999995,37.697928212309684,2678030000.0,37.697928212309684,0.0527987470511394,0.0,post,27.979523809523805,0.014761904761904702,0.11666666666666663
2001-01-31,28.367368421052632,2001.0,1.0,2100.3525390625,26.589999999999996,16.479619357003696,2847300000.0,16.479619357003696,0.03949364547867265,0.0,post,28.367368421052632,0.011052631578947413,0.22105263157894753
2001-02-28,28.594,2001.0,2.0,2100.3525390625,25.160000000000004,16.479619357003696,2847300000.0,16.479619357003696,0.06142326264082454,0.0,post,28.594,0.017499999999999894,0.18699999999999992
2001-03-31,28.677727272727278,2001.0,3.0,2100.3525390625,23.5,16.479619357003696,2847300000.0,16.479619357003696,0.0032504618359145573,0.0,post,28.677727272727278,0.0009090909090908897,0.016818181818182024
2001-04-30,28.850476190476197,2001.0,4.0,2100.3525390625,27.210000000000004,16.479619357003696,2847300000.0,16.479619357003696,0.014972086947278876,0.0,post,28.850476190476197,0.004285714285714279,0.0847619047619043
2001-05-31,29.027894736842104,2001.0,5.0,2100.3525390625,28.549999999999997,16.479619357003696,2847300000.0,16.479619357003696,0.04730640984938619,0.0,post,29.027894736842104,0.013684210526315872,0.13578947368421063
2001-06-30,29.11476190476191,2001.0,6.0,2100.3525390625,26.209999999999997,16.479619357003696,2847300000.0,16.479619357003696,-0.003228381005432588,0.0,post,29.11476190476191,-0.0009523809523809321,0.010952380952381142
2001-07-31,29.22285714285714,2001.0,7.0,2100.3525390625,24.350000000000005,16.479619357003696,2847300000.0,16.479619357003696,0.032703730663049706,0.0,post,29.22285714285714,0.00952380952380949,0.08857142857142855
2001-08-31,29.343043478260874,2001.0,8.0,2100.3525390625,26.799999999999994,16.479619357003696,2847300000.0,16.479619357003696,0.014854173529088577,0.0,post,29.343043478260874,0.004347826086956583,0.05826086956521769
2001-09-30,29.429999999999993,2001.0,9.0,2100.3525390625,21.87,16.479619357003696,2847300000.0,16.479619357003696,0.0032636021817102267,0.0,post,29.429999999999993,0.0009523809523809321,0.038571428571428
2001-10-31,29.53818181818182,2001.0,10.0,2100.3525390625,19.63,16.479619357003696,2847300000.0,16.479619357003696,0.04773229985245935,0.0,post,29.53818181818182,0.014090909090909032,0.08090909090909096
2001-11-30,29.797142857142852,2001.0,11.0,2100.3525390625,18.920000000000005,16.479619357003696,2847300000.0,16.479619357003696,0.032020349487810976,0.0,post,29.797142857142852,0.00952380952380949,0.16666666666666666
2001-12-31,30.099999999999998,2001.0,12.0,2100.3525390625,19.350000000000005,16.479619357003696,2847300000.0,16.479619357003696,0.042356730996093016,0.0,post,30.099999999999998,0.012631578947368527,0.20263157894736886
2002-01-31,30.472715,2002.0,1.0,2377.5295410156305,19.07,15.6619063054593,3473830000.0,15.6619063054593,0.09020793204907174,0.0,post,30.472715,0.027249999999999906,0.23506499999999964
2002-02-28,30.8057,2002.0,2.0,2377.5295410156305,20.730000000000004,15.6619063054593,3473830000.0,15.6619063054593,0.04146439521099475,0.0,post,30.8057,0.012757894736842102,0.17527894736842092
2002-03-31,31.06426666666666,2002.0,3.0,2377.5295410156305,25.339999999999993,15.6619063054593,3473830000.0,15.6619063054593,0.029493654430660998,0.0,post,31.06426666666666,0.009133333333333363,0.14407142857142896
2002-04-30,31.173586363636367,2002.0,4.0,2377.5295410156305,26.980000000000004,15.661906305459299,3473830000.0,15.661906305459299,0.011265634127798957,0.0,post,31.173586363636367,0.0035045454545455227,0.032813636363636274
2002-05-31,31.254884210526317,2002.0,5.0,2377.5295410156305,23.87,15.6619063054593,3473830000.0,15.6619063054593,0.018666226424623428,0.0,post,31.254884210526317,0.005831578947368293,0.06767368421052584
2002-06-30,31.404929999999997,2002.0,6.0,2377.5295410156305,25.329999999999995,15.6619063054593,3473830000.0,15.6619063054593,0.022322296046037304,0.0,post,31.404929999999997,0.007000000000000029,0.09541500000000039
2002-07-31,31.514986363636368,2002.0,7.0,2377.5295410156305,26.279999999999994,15.661906305459299,3473830000.0,15.661906305459299,-0.0009744985830178516,0.0,post,31.514986363636368,-0.0003181818181817226,0.03785000000000028
2002-08-31,31.554308695652175,2002.0,8.0,2377.529541015631,27.55999999999999,15.661906305459299,3473830000.0,15.661906305459299,0.017577020392884505,0.0,post,31.554308695652175,0.005530434782608627,0.03349130434782604
2002-09-30,31.626655,2002.0,9.0,2377.5295410156305,29.110000000000003,15.6619063054593,3473830000.0,15.6619063054593,0.010844343347065077,0.0,post,31.626655,0.0034250000000000114,0.0405599999999998
2002-10-31,31.693326086956528,2002.0,10.0,2377.529541015631,25.51,15.661906305459299,3473830000.0,15.661906305459299,0.014425519184479502,0.0,post,31.693326086956528,0.004565217391304366,0.036378260869565235
2002-11-30,31.81074285714286,2002.0,11.0,2377.5295410156305,25.74,15.6619063054593,3473830000.0,15.6619063054593,0.015228024043869475,0.0,post,31.81074285714286,0.0048380952380952975,0.07126190476190464
2002-12-31,31.836840000000002,2002.0,12.0,2377.5295410156305,30.119999999999997,15.6619063054593,3473830000.0,15.6619063054593,-0.009108809140771501,0.0,post,31.836840000000002,-0.0028999999999999916,-0.004610000000000269
2003-01-31,31.816164999999994,2003.0,1.0,2975.123046875,31.57000000000001,13.6571368113275,7928630000.0,13.6571368113275,0.005978599556969999,0.0,post,31.816164999999994,0.0018899999999998584,-0.007889999999999908
2003-02-28,31.698978947368417,2003.0,2.0,2975.123046875,34.0,13.6571368113275,7928630000.0,13.6571368113275,-0.04078245012753001,0.0,post,31.698978947368417,-0.012947368421052562,-0.11990526315789464
2003-03-31,31.45329,2003.0,3.0,2975.123046875,28.05,13.6571368113275,7928630000.0,13.6571368113275,-0.03105150317641414,0.0,post,31.45329,-0.009784999999999933,-0.1403600000000001
2003-04-30,31.211786363636364,2003.0,4.0,2975.123046875,23.60000000000001,13.657136811327502,7928630000.0,13.657136811327502,-0.04077239335512426,0.0,post,31.211786363636364,-0.01275,-0.13332272727272676
2003-05-31,30.907054999999996,2003.0,5.0,2975.123046875,26.579999999999995,13.6571368113275,7928630000.0,13.6571368113275,-0.06313375169460012,0.0,post,30.907054999999996,-0.019550000000000088,-0.20258500000000018
2003-06-30,30.468626315789475,2003.0,6.0,2975.123046875,28.880000000000003,13.6571368113275,7928630000.0,13.6571368113275,-0.06197988851977327,0.0,post,30.468626315789475,-0.01898421052631586,-0.2690947368421053
2003-07-31,30.36028695652174,2003.0,7.0,2975.123046875,28.67999999999999,13.657136811327504,7928630000.0,13.657136811327504,-0.012599015273226256,0.0,post,30.36028695652174,-0.0038565217391304057,-0.005052173913043752
2003-08-31,30.34902727272727,2003.0,8.0,2975.123046875,30.38,13.657136811327502,7928630000.0,13.657136811327502,0.03658937148575428,0.0,post,30.34902727272727,0.01109090909090908,-0.003259090909090742
2003-09-30,30.598633333333336,2003.0,9.0,2975.123046875,28.09,13.657136811327502,7928630000.0,13.657136811327502,0.01699066806915112,0.0,post,30.598633333333336,0.00515714285714285,0.12257142857142865
2003-10-31,30.164713043478258,2003.0,10.0,2975.123046875,27.88,13.657136811327504,7928630000.0,13.657136811327504,-0.10788856916437838,0.0,post,30.164713043478258,-0.03276086956521734,-0.3127869565217392
2003-11-30,29.807965000000003,2003.0,11.0,2975.123046875,28.950000000000006,13.6571368113275,7928630000.0,13.6571368113275,-0.02001326214896515,0.0,post,29.807965000000003,-0.005984999999999907,-0.11797999999999984
2003-12-31,29.4337,2003.0,12.0,2975.123046875,30.299999999999994,13.657136811327502,7928630000.0,13.657136811327502,-0.04551657313975623,0.0,post,29.4337,-0.013533333333333428,-0.2741904761904765
2004-01-31,28.838794999999994,2004.0,1.0,4102.36474609375,29.529999999999994,20.255149577511098,15402990000.0,20.255149577511098,-0.16541722402822479,0.0,post,28.838794999999994,-0.04803999999999995,-0.3865549999999997
2004-02-29,28.51467368421052,2004.0,2.0,4102.36474609375,32.940000000000005,20.255149577511098,15402990000.0,20.255149577511098,0.004158120941998826,0.0,post,28.51467368421052,0.0011526315789473,-0.09628947368421087
2004-03-31,28.52926190476191,2004.0,3.0,4102.36474609375,32.28999999999999,20.255149577511094,15402990000.0,20.255149577511094,-0.004967968528419007,0.0,post,28.52926190476191,-0.0014428571428571637,-0.001909523809523758
2004-04-30,28.68563181818182,2004.0,4.0,4102.36474609375,35.230000000000004,20.255149577511094,15402990000.0,20.255149577511094,0.063267678199578,0.0,post,28.68563181818182,0.018095454545454682,0.1718272727272729
2004-05-31,28.989216666666664,2004.0,5.0,4102.36474609375,37.0,20.255149577511098,15402990000.0,20.255149577511098,0.019597066871977303,0.0,post,28.989216666666664,0.005644444444444317,0.12748888888888882
2004-06-30,29.02972380952381,2004.0,6.0,4102.36474609375,33.220000000000006,20.255149577511094,15402990000.0,20.255149577511094,0.0069771084136929125,0.0,post,29.02972380952381,0.0020190476190476503,0.009904761904761998
2004-07-31,29.081926086956525,2004.0,7.0,4102.36474609375,41.470000000000006,20.255149577511094,15402990000.0,20.255149577511094,0.011157686464779026,0.0,post,29.081926086956525,0.0032391304347826285,0.03304347826086948
2004-08-31,29.21928571428571,2004.0,8.0,4102.36474609375,39.79999999999999,20.255149577511094,15402990000.0,20.255149577511094,0.02333738074031969,0.0,post,29.21928571428571,0.006800000000000054,0.07995714285714295
2004-09-30,29.22208181818182,2004.0,9.0,4102.36474609375,47.76,20.255149577511094,15402990000.0,20.255149577511094,-0.004289038870091234,0.0,post,29.22208181818182,-0.001254545454545599,-0.005663636363636729
2004-10-31,29.070299999999996,2004.0,10.0,4102.36474609375,48.15999999999999,20.255149577511094,15402990000.0,20.255149577511094,-0.07067209606137745,0.0,post,29.070299999999996,-0.020527272727272686,-0.13422272727272694
2004-11-30,28.591185000000003,2004.0,11.0,4102.36474609375,44.230000000000004,20.255149577511098,15402990000.0,20.255149577511098,-0.09260556432787892,0.0,post,28.591185000000003,-0.02644000000000002,-0.27950000000000036
2004-12-31,27.904027272727266,2004.0,12.0,4102.36474609375,40.38,20.255149577511094,15402990000.0,20.255149577511094,-0.07895896159079809,0.0,post,27.904027272727266,-0.02218181818181816,-0.36798636363636367
2005-01-31,28.009086666666665,2005.0,1.0,5323.455078125,44.51,19.279432134411003,15508050000.0,19.279432134411003,0.08074957974545456,0.0,post,28.009086666666665,0.0223866666666666,0.1728400000000003
2005-02-28,27.995394736842105,2005.0,2.0,5323.455078125,50.13,19.279432134411003,15508050000.0,19.279432134411003,-0.058282631136141155,0.0,post,27.995394736842105,-0.016352631578947216,-0.05213157894736828
2005-03-31,27.626422727272725,2005.0,3.0,5323.455078125,53.220000000000006,19.279432134411007,15508050000.0,19.279432134411007,0.008650961403929645,0.0,post,27.626422727272725,0.0023545454545454577,-0.18161818181818165
2005-04-30,27.810354545454548,2005.0,4.0,5323.455078125,50.60999999999999,19.279432134411007,15508050000.0,19.279432134411007,-0.008521649885253916,0.0,post,27.810354545454548,-0.0024090909090909466,0.08095454545454524
2005-05-31,27.95137777777778,2005.0,5.0,5323.455078125,49.29999999999999,19.279432134411003,15508050000.0,19.279432134411003,0.06363584675125754,0.0,post,27.95137777777778,0.017738888888888797,0.1609888888888889
2005-06-30,28.497866666666667,2005.0,6.0,5323.455078125,55.359999999999985,19.279432134411007,15508050000.0,19.279432134411007,0.09762159326351304,0.0,post,28.497866666666667,0.027628571428571495,0.3259000000000001
2005-07-31,28.69443181818182,2005.0,7.0,5323.455078125,59.77,19.279432134411007,15508050000.0,19.279432134411007,-0.005766847522470869,0.0,post,28.69443181818182,-0.001727272727272739,0.04013181818181799
2005-08-31,28.479809090909086,2005.0,8.0,5323.455078125,66.79999999999998,19.279432134411007,15508050000.0,19.279432134411007,-0.01393896890389167,0.0,post,28.479809090909086,-0.004049999999999928,-0.09087272727272704
2005-09-30,28.380013636363643,2005.0,9.0,5323.455078125,61.70000000000002,19.279432134411007,15508050000.0,19.279432134411007,-0.0070025816918228845,0.0,post,28.380013636363643,-0.002095454545454668,-0.03621818181818203
2005-10-31,28.563133333333333,2005.0,10.0,5323.455078125,58.470000000000006,19.279432134411007,15508050000.0,19.279432134411007,-0.012223935612298842,0.0,post,28.563133333333333,-0.0035476190476190694,0.07678571428571432
2005-11-30,28.762576190476196,2005.0,11.0,5323.455078125,53.25,19.279432134411007,15508050000.0,19.279432134411007,0.05145024989710087,0.0,post,28.762576190476196,0.014609523809523935,0.13751428571428598
2005-12-31,28.804599999999997,2005.0,12.0,5323.455078125,58.33999999999999,19.279432134411007,15508050000.0,19.279432134411007,0.0080126406745354,0.0,post,28.804599999999997,0.002230434782608595,-0.03060869565217425
2006-01-31,28.228133333333336,2006.0,1.0,6920.19970703125,63.190000000000026,15.120406631676394,37594770000.0,15.120406631676394,-0.15421280979326824,0.0,post,28.228133333333336,-0.044119999999999965,-0.46083999999999986
2006-02-28,28.194605263157893,2006.0,2.0,6920.19970703125,59.779999999999994,15.120406631676403,37594770000.0,15.120406631676403,0.0003852403304021853,0.0,post,28.194605263157893,8.42105263157802e-05,0.015163157894736844
2006-03-31,27.87377272727273,2006.0,3.0,6920.19970703125,66.05999999999999,15.120406631676405,37594770000.0,15.120406631676405,-0.058248230603187186,0.0,post,27.87377272727273,-0.016350000000000007,-0.23298181818181812
2006-04-30,27.564476190476192,2006.0,4.0,6920.19970703125,72.15000000000002,15.120406631676403,37594770000.0,15.120406631676403,-0.08428229136276097,0.0,post,27.564476190476192,-0.02327142857142847,-0.15645714285714296
2006-05-31,27.052745000000005,2006.0,5.0,6920.19970703125,67.56999999999998,15.120406631676403,37594770000.0,15.120406631676403,-0.05308101555151212,0.0,post,27.052745000000005,-0.01449499999999997,-0.28760999999999975
2006-06-30,26.98344761904762,2006.0,6.0,6920.19970703125,73.20000000000002,15.120406631676403,37594770000.0,15.120406631676403,0.01716424370062496,0.0,post,26.98344761904762,0.004519047619047576,0.01553809523809523
2006-07-31,26.91582380952381,2006.0,7.0,6920.19970703125,74.75,15.120406631676403,37594770000.0,15.120406631676403,-0.036265314304393496,0.0,post,26.91582380952381,-0.009861904761904785,-0.05783333333333338
2006-08-31,26.76192173913043,2006.0,8.0,6920.19970703125,67.66000000000003,15.120406631676405,37594770000.0,15.120406631676405,-0.021557121886805548,0.0,post,26.76192173913043,-0.005821739130434807,-0.09673043478260893
2006-09-30,26.746340909090915,2006.0,9.0,6920.19970703125,59.08999999999999,15.120406631676405,37594770000.0,15.120406631676405,0.007279114066652018,0.0,post,26.746340909090915,0.0019090909090909815,0.001172727272727285
2006-10-31,26.867204761904766,2006.0,10.0,6920.19970703125,56.13000000000001,15.120406631676403,37594770000.0,15.120406631676403,-0.005598446386197627,0.0,post,26.867204761904766,-0.0015333333333334817,0.07345714285714304
2006-11-30,26.617409523809524,2006.0,11.0,6920.19970703125,64.35999999999997,15.120406631676403,37594770000.0,15.120406631676403,-0.07755720047924385,0.0,post,26.617409523809524,-0.02061904761904761,-0.18931904761904744
2006-12-31,26.28815454545455,2006.0,12.0,6920.19970703125,58.96000000000001,15.120406631676405,37594770000.0,15.120406631676405,0.002971566951591327,0.0,post,26.28815454545455,0.0007454545454545845,-0.1216590909090911
2007-01-31,26.52904375,2007.0,1.0,9101.2392578125,56.52,13.8412392398238,55873680000.0,13.8412392398238,0.04788989681900058,0.0,post,26.52904375,0.012625000000000108,0.1519750000000002
2007-02-28,26.343289473684212,2007.0,2.0,9101.2392578125,59.39000000000001,13.8412392398238,55873680000.0,13.8412392398238,-0.07438612363076583,0.0,post,26.343289473684212,-0.01964210526315793,-0.17868947368421048
2007-03-31,26.10559545454545,2007.0,3.0,9101.2392578125,68.47000000000001,13.841239239823796,55873680000.0,13.841239239823796,-0.025793018257193448,0.0,post,26.10559545454545,-0.006754545454545538,-0.11935454545454585
2007-04-30,25.83835714285714,2007.0,4.0,9101.2392578125,67.23,13.841239239823798,55873680000.0,13.841239239823798,-0.0599619541038921,0.0,post,25.83835714285714,-0.015533333333333335,-0.16103333333333308
2007-05-31,25.82405,2007.0,5.0,9101.2392578125,68.18000000000002,13.841239239823798,55873680000.0,13.841239239823798,0.04238342465934408,0.0,post,25.82405,0.010899999999999998,0.06490999999999988
2007-06-30,25.909299999999998,2007.0,6.0,9101.2392578125,72.22,13.841239239823798,55873680000.0,13.841239239823798,-0.015823648345194986,0.0,post,25.909299999999998,-0.004138095238095237,0.029857142857143144
2007-07-31,25.540752380952384,2007.0,7.0,9101.2392578125,77.01,13.841239239823798,55873680000.0,13.841239239823798,-0.0398646179022162,0.0,post,25.540752380952384,-0.01029999999999985,-0.25967619047619045
2007-08-31,25.62369130434783,2007.0,8.0,9101.2392578125,72.28999999999999,13.841239239823796,55873680000.0,13.841239239823796,0.008922566216258034,0.0,post,25.62369130434783,0.0021521739130434055,0.14370869565217373
2007-09-30,25.334071428571427,2007.0,9.0,9101.2392578125,80.97,13.841239239823798,55873680000.0,13.841239239823798,-0.13147476057710414,0.0,post,25.334071428571427,-0.033338095238095194,-0.33856190476190473
2007-10-31,24.89621363636364,2007.0,10.0,9101.2392578125,89.86999999999998,13.841239239823796,55873680000.0,13.841239239823796,-0.041032386722310174,0.0,post,24.89621363636364,-0.01025000000000001,-0.16104090909090923
2007-11-30,24.465095238095234,2007.0,11.0,9101.2392578125,88.71000000000001,13.841239239823798,55873680000.0,13.841239239823798,-0.07223113986490734,0.0,post,24.465095238095234,-0.0177714285714286,-0.2612571428571427
2007-12-31,24.574886363636367,2007.0,12.0,9101.2392578125,93.68000000000002,13.841239239823796,55873680000.0,13.841239239823796,0.0367218735747092,0.0,post,24.574886363636367,0.00889090909090904,0.15296363636363627
2008-01-31,24.5000625,2008.0,1.0,11635.2841796875,91.58,18.0135183350842,74782910000.0,18.0135183350842,-0.016319455652401282,0.0,post,24.5000625,-0.004362499999999825,-0.0997437499999998
2008-02-29,24.52733,2008.0,2.0,11635.2841796875,100.90000000000002,18.0135183350842,74782910000.0,18.0135183350842,-0.07357485429526578,0.0,post,24.52733,-0.01802500000000009,-0.02347000000000001
2008-03-31,23.76038,2008.0,3.0,11635.2841796875,102.32999999999998,18.0135183350842,74782910000.0,18.0135183350842,-0.12537431664736698,0.0,post,23.76038,-0.030015000000000035,-0.5165100000000002
2008-04-30,23.512913636363635,2008.0,4.0,11635.2841796875,111.11999999999998,18.0135183350842,74782910000.0,18.0135183350842,0.02574374589958633,0.0,post,23.512913636363635,0.005977272727272684,-0.08782272727272736
2008-05-31,23.719609523809524,2008.0,5.0,11635.2841796875,127.84999999999998,18.0135183350842,74782910000.0,18.0135183350842,0.018839239947181296,0.0,post,23.719609523809524,0.004347619047619065,0.11510476190476229
2008-06-30,23.64323684210526,2008.0,6.0,11635.2841796875,138.4,18.0135183350842,74782910000.0,18.0135183350842,-0.062187486149108205,0.0,post,23.64323684210526,-0.014794736842105189,-0.0375210526315792
2008-07-31,23.347895652173914,2008.0,7.0,11635.2841796875,124.09999999999997,18.0135183350842,74782910000.0,18.0135183350842,-0.0016921257927983977,0.0,post,23.347895652173914,-0.0005086956521739633,-0.1777869565217392
2008-08-31,24.153336363636367,2008.0,8.0,11635.2841796875,113.48999999999997,18.0135183350842,74782910000.0,18.0135183350842,0.21745296028524458,0.0,post,24.153336363636367,0.05142272727272725,0.649818181818182
2008-09-30,25.26993333333333,2008.0,9.0,11635.2841796875,93.52,18.0135183350842,74782910000.0,18.0135183350842,0.13076992268708218,0.0,post,25.26993333333333,0.03188095238095252,0.47293333333333315
2008-10-31,26.35637826086956,2008.0,10.0,11635.2841796875,60.0,18.0135183350842,74782910000.0,18.0135183350842,0.22138749889026,0.0,post,26.35637826086956,0.05637391304347817,0.7378478260869565
2008-11-30,27.3337,2008.0,11.0,11635.2841796875,47.720000000000006,18.0135183350842,74782910000.0,18.0135183350842,0.19906517757078193,0.0,post,27.3337,0.05315000000000012,0.46932000000000046
2008-12-31,28.15127272727273,2008.0,12.0,11635.2841796875,35.820000000000014,18.0135183350842,74782910000.0,18.0135183350842,0.28551235720636187,0.0,post,28.15127272727273,0.08065454545454545,0.44976363636363603
2009-01-31,32.49225294117647,2009.0,1.0,8562.82421875,44.17,1.9706126030591202,36583100000.0,1.9706126030591202,1.1156170636433915,0.0,post,32.49225294117647,0.35495294117647047,3.463188235294118
2009-02-28,35.814394736842104,2009.0,2.0,8562.82421875,44.40999999999999,1.9706126030591207,36583100000.0,1.9706126030591207,0.05261294667696823,0.0,post,35.814394736842104,0.016100000000000062,1.513126315789473
2009-03-31,34.65768500000001,2009.0,3.0,8562.82421875,46.13,1.9706126030591207,36583100000.0,1.9706126030591207,-0.24053047357690427,0.0,post,34.65768500000001,-0.08535500000000021,-1.0173349999999999
2009-04-30,33.58326363636365,2009.0,4.0,8562.82421875,50.29999999999998,1.970612603059121,36583100000.0,1.970612603059121,-0.10090825765013714,0.0,post,33.58326363636365,-0.03474090909090903,-0.19277727272727255
2009-05-31,31.994804999999996,2009.0,5.0,8562.82421875,64.98,1.9706126030591207,36583100000.0,1.9706126030591207,-0.3505108907127158,0.0,post,31.994804999999996,-0.11323999999999987,-1.2090799999999997
2009-06-30,31.058,2009.0,6.0,8562.82421875,68.10999999999999,1.9706126030591207,36583100000.0,1.9706126030591207,0.051869536079012235,0.0,post,31.058,0.015305000000000036,-0.2152849999999999
2009-07-31,31.50815217391304,2009.0,7.0,8562.82421875,70.07999999999997,1.9706126030591211,36583100000.0,1.9706126030591211,0.07071542153857596,0.0,post,31.50815217391304,0.020221739130434766,0.0693043478260864
2009-08-31,31.649661904761903,2009.0,8.0,8562.82421875,69.02,1.970612603059121,36583100000.0,1.970612603059121,-0.021428041351520148,0.0,post,31.649661904761903,-0.008895238095238173,0.25320476190476204
2009-09-30,30.85668636363637,2009.0,9.0,8562.82421875,65.81999999999998,1.970612603059121,36583100000.0,1.970612603059121,-0.21609148186167637,0.0,post,30.85668636363637,-0.06711363636363643,-0.7691363636363637
2009-10-31,29.463986956521744,2009.0,10.0,8562.82421875,74.91000000000003,1.9706126030591211,36583100000.0,1.9706126030591211,-0.1526206882848508,0.0,post,29.463986956521744,-0.04536521739130427,-0.6240913043478259
2009-11-30,28.903489473684214,2009.0,11.0,8562.82421875,77.77,1.9706126030591207,36583100000.0,1.9706126030591207,0.14082727822870042,0.0,post,28.903489473684214,0.04047894736842114,-0.1932473684210525
2009-12-31,29.958934782608697,2009.0,12.0,8562.82421875,77.91000000000003,1.9706126030591211,36583100000.0,1.9706126030591211,0.06836005538467142,0.0,post,29.958934782608697,0.018534782608695552,0.6810956521739129
2010-01-31,29.838731250000002,2010.0,1.0,10674.990234375,71.2,14.1911095688207,43167780000.0,14.1911095688207,0.04178674728672893,0.0,post,29.838731250000002,0.011687500000000073,-0.1985812499999997
2010-02-28,30.157968421052637,2010.0,2.0,10674.990234375,76.35999999999999,14.191109568820702,43167780000.0,14.191109568820702,-0.0827164168318038,0.0,post,30.157968421052637,-0.025410526315789526,0.12587368421052633
2010-03-31,29.559395238095238,2010.0,3.0,10674.990234375,80.36999999999998,14.191109568820702,43167780000.0,14.191109568820702,-0.09302516171026372,0.0,post,29.559395238095238,-0.027838095238095155,-0.390309523809524
2010-04-30,29.193236363636366,2010.0,4.0,10674.990234375,86.19000000000001,14.191109568820702,43167780000.0,14.191109568820702,-0.010414884247055884,0.0,post,29.193236363636366,-0.003418181818181926,-0.15124090909090915
2010-05-31,30.43492105263158,2010.0,5.0,10674.990234375,73.0,14.191109568820702,43167780000.0,14.191109568820702,0.21955465955691275,0.0,post,30.43492105263158,0.06352631578947372,0.9943421052631581
2010-06-30,31.17433809523809,2010.0,6.0,10674.990234375,74.94000000000001,14.191109568820702,43167780000.0,14.191109568820702,0.11094886772013132,0.0,post,31.17433809523809,0.03332380952380951,0.21171904761904767
2010-07-31,30.679113043478264,2010.0,7.0,10674.990234375,77.5,14.191109568820702,43167780000.0,14.191109568820702,-0.14218613809555788,0.0,post,30.679113043478264,-0.043847826086956435,-0.3708913043478261
2010-08-31,30.351004761904765,2010.0,8.0,10674.990234375,75.51,14.191109568820702,43167780000.0,14.191109568820702,0.07548224026425479,0.0,post,30.351004761904765,0.02271904761904762,0.13170952380952355
2010-09-30,30.811859090909095,2010.0,9.0,10674.990234375,80.77,14.191109568820702,43167780000.0,14.191109568820702,-0.03781090390079133,0.0,post,30.811859090909095,-0.011863636363636491,0.13331363636363622
2010-10-31,30.32283636363637,2010.0,10.0,10674.990234375,82.47000000000001,14.191109568820702,43167780000.0,14.191109568820702,0.05913575318071886,0.0,post,30.32283636363637,0.017231818181818234,-0.20382272727272702
2010-11-30,30.986639999999994,2010.0,11.0,10674.990234375,86.02,14.191109568820702,43167780000.0,14.191109568820702,0.08552233509179052,0.0,post,30.986639999999994,0.026200000000000046,0.403795
2010-12-31,30.85773043478261,2010.0,12.0,10674.990234375,93.23,14.191109568820702,43167780000.0,14.191109568820702,-0.11612790073922154,0.0,post,30.85773043478261,-0.03605217391304349,-0.29016956521739146
2011-01-31,29.991920000000004,2011.0,1.0,14305.33203125,98.97000000000001,24.460086062189802,55083630000.0,24.460086062189802,-0.1779553929826072,0.0,post,29.991920000000004,-0.05390000000000015,-0.5717533333333331
2011-02-28,29.321147368421055,2011.0,2.0,14305.33203125,112.27000000000001,24.460086062189802,55083630000.0,24.460086062189802,-0.1300631973549337,0.0,post,29.321147368421055,-0.03831052631578938,-0.4035473684210525
2011-03-31,28.463686363636363,2011.0,3.0,14305.33203125,116.94000000000001,24.460086062189802,55083630000.0,24.460086062189802,-0.07971831699604692,0.0,post,28.463686363636363,-0.023250000000000073,-0.437795454545455
2011-04-30,28.084022727272725,2011.0,4.0,14305.33203125,126.59000000000005,24.460086062189802,55083630000.0,24.460086062189802,-0.14946217347454807,0.0,post,28.084022727272725,-0.04212727272727273,-0.2537499999999998
2011-05-31,27.934284210526314,2011.0,5.0,14305.33203125,117.18,24.460086062189802,55083630000.0,24.460086062189802,0.10988401374551744,0.0,post,27.934284210526314,0.02980526315789483,0.10840526315789471
2011-06-30,27.98714761904762,2011.0,6.0,14305.33203125,111.71,24.4600860621898,55083630000.0,24.4600860621898,0.002198868071586387,0.0,post,27.98714761904762,0.00034761904761908334,-0.026357142857142503
2011-07-31,27.91225454545455,2011.0,7.0,14305.33203125,115.92999999999998,24.460086062189802,55083630000.0,24.460086062189802,-0.06343224294726951,0.0,post,27.91225454545455,-0.018009090909090922,-0.1336090909090912
2011-08-31,28.746490909090912,2011.0,8.0,14305.33203125,116.48,24.460086062189802,55083630000.0,24.460086062189802,0.1945765002544544,0.0,post,28.746490909090912,0.05351363636363631,0.577727272727273
2011-09-30,30.571731818181817,2011.0,9.0,14305.33203125,105.42000000000002,24.460086062189802,55083630000.0,24.460086062189802,0.45654206069152276,0.0,post,30.571731818181817,0.1371909090909091,1.3941727272727271
2011-10-31,31.388166666666674,2011.0,10.0,14305.33203125,108.42999999999999,24.4600860621898,55083630000.0,24.4600860621898,-0.30060914303039477,0.0,post,31.388166666666674,-0.09416190476190474,-0.380809523809524
2011-11-30,30.822985714285714,2011.0,11.0,14305.33203125,111.21999999999997,24.4600860621898,55083630000.0,24.4600860621898,0.225780057517103,0.0,post,30.822985714285714,0.0678047619047619,0.13640000000000016
2011-12-31,31.49111739130435,2011.0,12.0,14305.33203125,108.09000000000003,24.460086062189802,55083630000.0,24.460086062189802,0.12278189221635714,0.0,post,31.49111739130435,0.038021739130434835,0.34725652173913096
2012-01-31,31.238299999999995,2012.0,1.0,15401.8515625,110.26,8.907868420878343,50587560000.0,8.907868420878343,-0.38768959572505807,0.0,post,31.238299999999995,-0.12209333333333347,-0.4729000000000011
2012-02-29,29.885460000000002,2012.0,2.0,15401.8515625,122.22999999999999,8.90786842087834,50587560000.0,8.90786842087834,-0.23640564948029077,0.0,post,29.885460000000002,-0.07072000000000003,-0.8229449999999998
2012-03-31,29.331863636363643,2012.0,3.0,15401.8515625,123.40999999999995,8.907868420878343,50587560000.0,8.907868420878343,0.060216579348506855,0.0,post,29.331863636363643,0.017177272727272742,-0.26425000000000004
2012-04-30,29.490885714285717,2012.0,4.0,15401.8515625,118.65999999999998,8.90786842087834,50587560000.0,8.90786842087834,0.0064638756863381955,0.0,post,29.490885714285717,0.0016428571428572052,0.1258571428571429
2012-05-31,30.804370000000006,2012.0,5.0,15401.8515625,103.85999999999999,8.90786842087834,50587560000.0,8.90786842087834,0.5034254325574894,0.0,post,30.804370000000006,0.15440999999999985,1.1642649999999999
2012-06-30,32.878366666666665,2012.0,6.0,15401.8515625,94.17000000000002,8.90786842087834,50587560000.0,8.90786842087834,0.06131979083925057,0.0,post,32.878366666666665,0.01742857142857141,0.7869523809523813
2012-07-31,32.52510476190476,2012.0,7.0,15401.8515625,105.93,8.90786842087834,50587560000.0,8.90786842087834,-0.08938276262384108,0.0,post,32.52510476190476,-0.02994285714285706,-0.20522857142857207
2012-08-31,31.956795652173913,2012.0,8.0,15401.8515625,113.92999999999998,8.907868420878343,50587560000.0,8.907868420878343,0.01603225548925934,0.0,post,31.956795652173913,0.004578260869565205,-0.2631043478260864
2012-09-30,31.51765714285714,2012.0,9.0,15401.8515625,111.36,8.90786842087834,50587560000.0,8.90786842087834,-0.20320707167914934,0.0,post,31.51765714285714,-0.06554761904761905,-0.48178095238095253
2012-10-31,31.115650000000006,2012.0,10.0,15401.8515625,109.89,8.907868420878343,50587560000.0,8.907868420878343,0.08959517506887495,0.0,post,31.115650000000006,0.027650000000000154,0.014127272727272907
2012-11-30,31.39876666666667,2012.0,11.0,15401.8515625,110.84000000000002,8.90786842087834,50587560000.0,8.90786842087834,-0.0704588340690844,0.0,post,31.39876666666667,-0.02231904761904771,0.130942857142857
2012-12-31,30.737259090909095,2012.0,12.0,15401.8515625,110.80000000000001,8.907868420878343,50587560000.0,8.907868420878343,-0.10033554444626876,0.0,post,30.737259090909095,-0.031081818181818252,-0.37154090909090925
2013-01-31,30.227143750000003,2013.0,1.0,15941.4482421875,115.55,5.32013887237915,69218890000.0,5.32013887237915,-0.07104442268924052,0.0,post,30.227143750000003,-0.02156249999999993,-0.34930624999999993
2013-02-28,30.163069999999998,2013.0,2.0,15941.4482421875,112.2,5.320138872379149,69218890000.0,5.320138872379149,0.09831285540506052,0.0,post,30.163069999999998,0.029625000000000058,0.027060000000000174
2013-03-31,30.800290476190476,2013.0,3.0,15941.4482421875,108.46,5.320138872379149,69218890000.0,5.320138872379149,0.07202511235649438,0.0,post,30.800290476190476,0.02205714285714288,0.365957142857143
2013-04-30,31.350214285714287,2013.0,4.0,15941.4482421875,101.53,5.320138872379149,69218890000.0,5.320138872379149,0.02884904026941542,0.0,post,31.350214285714287,0.008214285714285688,0.2917571428571428
2013-05-31,31.305883333333334,2013.0,5.0,15941.4482421875,100.43,5.32013887237915,69218890000.0,5.32013887237915,0.05983519199241462,0.0,post,31.305883333333334,0.01852222222222228,-0.006955555555555727
2013-06-30,32.30679500000001,2013.0,6.0,15941.4482421875,102.48999999999998,5.320138872379149,69218890000.0,5.320138872379149,0.17680977700016592,0.0,post,32.30679500000001,0.05598500000000008,0.6407
2013-07-31,32.74075,2013.0,7.0,15941.4482421875,107.89,5.320138872379149,69218890000.0,5.320138872379149,0.026027840894648543,0.0,post,32.74075,0.00823181818181789,0.04410454545454521
2013-08-31,33.02487391304348,2013.0,8.0,15941.4482421875,115.96999999999996,5.320138872379149,69218890000.0,5.320138872379149,0.04754296369670691,0.0,post,33.02487391304348,0.015534782608695747,0.27930434782608754
2013-09-30,32.60167,2013.0,9.0,15941.4482421875,107.84999999999998,5.320138872379149,69218890000.0,5.320138872379149,-0.13515157049959706,0.0,post,32.60167,-0.045114999999999836,-0.5497250000000001
2013-10-31,32.09922608695652,2013.0,10.0,15941.4482421875,107.53000000000002,5.320138872379149,69218890000.0,5.320138872379149,-0.03761633251372209,0.0,post,32.09922608695652,-0.012339130434782582,-0.11244347826086933
2013-11-30,32.693999999999996,2013.0,11.0,15941.4482421875,111.07000000000001,5.320138872379149,69218890000.0,5.320138872379149,0.16574452179033206,0.0,post,32.693999999999996,0.05382380952380944,0.5290476190476192
2013-12-31,32.88070476190477,2013.0,12.0,15941.4482421875,109.94999999999999,5.320138872379149,69218890000.0,5.320138872379149,-0.06629775630000656,0.0,post,32.88070476190477,-0.022019047619047733,-0.02730000000000083
2014-01-31,33.78435294117646,2014.0,1.0,14055.47265625,108.16,7.49007111696609,22031340000.0,7.49007111696609,0.4384394378157192,0.0,post,33.78435294117646,0.14797647058823524,0.8958647058823526
2014-02-28,35.244040000000005,2014.0,2.0,14055.47265625,108.97999999999999,7.490071116966088,22031340000.0,7.490071116966088,0.11479273010443658,0.0,post,35.244040000000005,0.04026500000000013,0.8104100000000006
2014-03-31,36.198565,2014.0,3.0,14055.47265625,105.95,7.490071116966088,22031340000.0,7.490071116966088,-0.04913747921911904,0.0,post,36.198565,-0.01814999999999998,0.42820000000000036
2014-04-30,35.66772727272728,2014.0,4.0,14055.47265625,108.63000000000002,7.490071116966087,22031340000.0,7.490071116966087,0.003348143901518971,0.0,post,35.66772727272728,0.0005090909090910145,-0.1764409090909095
2014-05-31,34.83365500000001,2014.0,5.0,14055.47265625,109.21,7.490071116966088,22031340000.0,7.490071116966088,-0.13527592764735422,0.0,post,34.83365500000001,-0.04815500000000021,-0.7858499999999996
2014-06-30,34.449533333333335,2014.0,6.0,14055.47265625,111.03,7.490071116966089,22031340000.0,7.490071116966089,-0.17759126341327555,0.0,post,34.449533333333335,-0.06136666666666654,-0.16495555555555677
2014-07-31,34.635408695652174,2014.0,7.0,14055.47265625,104.94000000000001,7.490071116966087,22031340000.0,7.490071116966087,0.2651274573222301,0.0,post,34.635408695652174,0.09115217391304344,0.40600000000000064
2014-08-31,36.09842727272727,2014.0,8.0,14055.47265625,101.11999999999998,7.490071116966087,22031340000.0,7.490071116966087,0.15267205329523456,0.0,post,36.09842727272727,0.05475000000000014,0.6305863636363633
2014-09-30,37.90178095238095,2014.0,9.0,14055.47265625,94.67000000000002,7.490071116966088,22031340000.0,7.490071116966088,0.30986071227145706,0.0,post,37.90178095238095,0.11690476190476182,1.2963095238095246
2014-10-31,40.79868695652175,2014.0,10.0,14055.47265625,84.17000000000003,7.490071116966087,22031340000.0,7.490071116966087,0.423834984800956,0.0,post,40.79868695652175,0.17424782608695652,1.640595652173913
2014-11-30,46.217484210526315,2014.0,11.0,14055.47265625,71.89000000000001,7.490071116966089,22031340000.0,7.490071116966089,0.7122982607401958,0.0,post,46.217484210526315,0.31198421052631586,3.2209526315789474
2014-12-31,55.77043636363637,2014.0,12.0,14055.47265625,55.27,7.490071116966087,22031340000.0,7.490071116966087,0.7247573548092378,0.0,post,55.77043636363637,0.31529090909090907,5.917527272727271
2015-01-31,65.1530875,2015.0,1.0,9277.7138671875,47.52,7.24973590678889,6852970000.0,7.24973590678889,1.3266456557104296,0.0,post,65.1530875,0.7919187500000002,6.364012499999999
2015-02-28,64.51817368421052,2015.0,2.0,9277.7138671875,61.890000000000015,7.24973590678889,6852970000.0,7.24973590678889,-0.5942244410201045,0.0,post,64.51817368421052,-0.40301578947368455,-1.866115789473684
2015-03-31,60.363090000000014,2015.0,3.0,9277.7138671875,53.69000000000001,7.24973590678889,6852970000.0,7.24973590678889,-0.2198052723803134,0.0,post,60.363090000000014,-0.14037499999999986,-2.121225
2015-04-30,53.21869545454546,2015.0,4.0,9277.7138671875,63.90000000000002,7.249735906788889,6852970000.0,7.249735906788889,-0.5326199704905226,0.0,post,53.21869545454546,-0.30733636363636374,-4.3408181818181815
2015-05-31,50.46795789473684,2015.0,5.0,9277.7138671875,63.16000000000001,7.24973590678889,6852970000.0,7.24973590678889,0.13796581660785748,0.0,post,50.46795789473684,0.06677368421052646,-0.7739894736842107
2015-06-30,54.44904000000001,2015.0,6.0,9277.7138671875,60.30999999999999,7.24973590678889,6852970000.0,7.24973590678889,0.2447076416454891,0.0,post,54.44904000000001,0.12761999999999993,2.3598250000000003
2015-07-31,57.17966956521739,2015.0,7.0,9277.7138671875,53.28999999999999,7.249735906788889,6852970000.0,7.249735906788889,0.2672591231996243,0.0,post,57.17966956521739,0.15072173913043477,1.8620217391304343
2015-08-31,65.42299047619048,2015.0,8.0,9277.7138671875,54.150000000000006,7.24973590678889,6852970000.0,7.24973590678889,0.5862659438520775,0.0,post,65.42299047619048,0.3565380952380955,5.26337142857143
2015-09-30,66.78289545454547,2015.0,9.0,9277.7138671875,47.28999999999999,7.249735906788889,6852970000.0,7.249735906788889,-0.010613841650399096,0.0,post,66.78289545454547,-0.010963636363636649,-0.48285000000000106
2015-10-31,63.24558695652173,2015.0,10.0,9277.7138671875,48.0,7.249735906788889,6852970000.0,7.249735906788889,-0.11333915492769789,0.0,post,63.24558695652173,-0.0809782608695651,-1.7375739130434784
2015-11-30,65.02956315789474,2015.0,11.0,9277.7138671875,43.73,7.24973590678889,6852970000.0,7.24973590678889,0.15420464133525086,0.0,post,65.02956315789474,0.09816315789473674,1.725778947368421
2015-12-31,69.70484782608695,2015.0,12.0,9277.7138671875,36.61000000000001,7.249735906788889,6852970000.0,7.249735906788889,0.42062834037079455,0.0,post,69.70484782608695,0.28884347826086954,2.834647826086958
2016-01-31,77.934425,2016.0,1.0,8663.158203125,33.14,2.84422269802643,32538900000.0,2.84422269802643,0.2336670641689832,0.0,post,77.934425,0.14310000000000045,5.789674999999998
2016-02-29,77.32849473684212,2016.0,2.0,8663.158203125,35.919999999999995,2.8442226980264294,32538900000.0,2.8442226980264294,0.009785254945548464,0.0,post,77.32849473684212,-0.004315789473684623,-0.9817842105263154
2016-03-31,70.41831904761905,2016.0,3.0,8663.158203125,36.75,2.8442226980264294,32538900000.0,2.8442226980264294,-0.4903958938022758,0.0,post,70.41831904761905,-0.3563190476190473,-4.862828571428571
2016-04-30,66.68263636363636,2016.0,4.0,8663.158203125,45.63999999999999,2.8442226980264294,32538900000.0,2.8442226980264294,-0.21421168072527264,0.0,post,66.68263636363636,-0.14882727272727306,-1.4922454545454549
2016-05-31,65.83865555555556,2016.0,5.0,8663.158203125,49.26,2.84422269802643,32538900000.0,2.84422269802643,0.15547115995973768,0.0,post,65.83865555555556,0.09717222222222215,-0.1182055555555558
2016-06-30,65.21926666666667,2016.0,6.0,8663.158203125,48.04999999999999,2.8442226980264294,32538900000.0,2.8442226980264294,-0.12760749972436394,0.0,post,65.21926666666667,-0.08690476190476204,-0.4782523809523804
2016-07-31,64.33796818181818,2016.0,7.0,8663.158203125,40.76,2.8442226980264294,32538900000.0,2.8442226980264294,0.1956912665795315,0.0,post,64.33796818181818,0.1269863636363637,-0.22096363636363717
2016-08-31,64.93652727272728,2016.0,8.0,8663.158203125,47.94000000000001,2.8442226980264294,32538900000.0,2.8442226980264294,-0.14527513051967209,0.0,post,64.93652727272728,-0.09745454545454506,-0.05910454545454513
2016-09-30,64.55720454545455,2016.0,9.0,8663.158203125,48.24,2.8442226980264294,32538900000.0,2.8442226980264294,-0.12164165991218966,0.0,post,64.55720454545455,-0.07950454545454572,-0.054436363636364345
2016-10-31,62.620004761904774,2016.0,10.0,8663.158203125,46.20000000000001,2.8442226980264294,32538900000.0,2.8442226980264294,-0.01760817223917389,0.0,post,62.620004761904774,-0.012114285714285564,-0.9326333333333319
2016-11-30,64.31373809523811,2016.0,11.0,8663.158203125,47.95000000000001,2.8442226980264294,32538900000.0,2.8442226980264294,0.15622917257354732,0.0,post,64.31373809523811,0.09720000000000016,1.1789428571428573
2016-12-31,62.09129130434781,2016.0,12.0,8663.158203125,54.96000000000001,2.8442226980264294,32538900000.0,2.8442226980264294,-0.29263066719574116,0.0,post,62.09129130434781,-0.1864347826086958,-1.9091391304347831
2017-01-31,59.629856249999996,2017.0,1.0,10658.9130859375,55.25,5.34981508767618,28557440000.0,5.34981508767618,-0.049305402196395814,0.0,post,59.629856249999996,-0.030943750000000048,-1.1624375000000016
2017-02-28,58.539361111111106,2017.0,2.0,10658.9130859375,53.36,5.34981508767618,28557440000.0,5.34981508767618,-0.2058716491541897,0.0,post,58.539361111111106,-0.12359444444444437,-1.0255833333333324
2017-03-31,58.006631818181816,2017.0,3.0,10658.9130859375,52.20000000000002,5.349815087676179,28557440000.0,5.349815087676179,-0.12174960328321913,0.0,post,58.006631818181816,-0.07087272727272746,-0.2888863636363643
2017-04-30,56.43561428571428,2017.0,4.0,10658.9130859375,49.46,5.349815087676179,28557440000.0,5.349815087676179,0.05303240857119323,0.0,post,56.43561428571428,0.028852380952381212,-0.6481952380952374
2017-05-31,56.950068421052634,2017.0,5.0,10658.9130859375,49.4,5.34981508767618,28557440000.0,5.34981508767618,-0.03951124523711918,0.0,post,56.950068421052634,-0.02457894736842099,0.17861578947368398
2017-06-30,57.89317619047618,2017.0,6.0,10658.9130859375,47.080000000000005,5.349815087676179,28557440000.0,5.349815087676179,0.21463678065534225,0.0,post,57.89317619047618,0.1223190476190476,1.2159285714285715
2017-07-31,59.69267619047619,2017.0,7.0,10658.9130859375,51.989999999999995,5.349815087676179,28557440000.0,5.349815087676179,0.03882588970233932,0.0,post,59.69267619047619,0.02181428571428546,0.4298809523809522
2017-08-31,59.61272608695652,2017.0,8.0,10658.9130859375,52.69000000000001,5.349815087676179,28557440000.0,5.349815087676179,-0.05849777750694372,0.0,post,59.61272608695652,-0.035347826086956316,-0.195621739130435
2017-09-30,57.74469090909092,2017.0,9.0,10658.9130859375,57.02,5.349815087676179,28557440000.0,5.349815087676179,-0.05414801319498533,0.0,post,57.74469090909092,-0.03244090909090922,-0.6830272727272722
2017-10-31,57.698052380952376,2017.0,10.0,10658.9130859375,61.34999999999999,5.349815087676179,28557440000.0,5.349815087676179,-0.011059939974186353,0.0,post,57.698052380952376,-0.006919047619047565,-0.18011428571428617
2017-11-30,58.92655238095239,2017.0,11.0,10658.9130859375,63.529999999999994,5.349815087676179,28557440000.0,5.349815087676179,0.03927137890248292,0.0,post,58.92655238095239,0.021880952380952307,0.8790285714285718
2017-12-31,58.573854545454566,2017.0,12.0,10658.9130859375,66.73,5.349815087676179,28557440000.0,5.349815087676179,-0.056300831179408165,0.0,post,58.573854545454566,-0.033222727272727196,-0.46030454545454574
2018-01-31,56.498099999999994,2018.0,1.0,11211.8876953125,67.78,9.99797671148308,8784850000.0,9.99797671148308,-0.14253279369927166,0.0,post,56.498099999999994,-0.08179999999999987,-1.4168124999999994
2018-02-28,56.8067052631579,2018.0,2.0,11211.8876953125,66.07999999999998,9.997976711483082,8784850000.0,9.997976711483082,-0.05534295261939831,0.0,post,56.8067052631579,-0.0326157894736843,0.3112999999999998
2018-03-31,57.063604761904756,2018.0,3.0,11211.8876953125,69.02,9.997976711483082,8784850000.0,9.997976711483082,0.13628005995062886,0.0,post,57.063604761904756,0.07586666666666647,0.26709523809523783
2018-04-30,60.76989047619046,2018.0,4.0,11211.8876953125,75.92000000000002,9.997976711483082,8784850000.0,9.997976711483082,0.39548380703538155,0.0,post,60.76989047619046,0.22546666666666665,2.529619047619048
2018-05-31,62.2309,2018.0,5.0,11211.8876953125,76.45,9.997976711483082,8784850000.0,9.997976711483082,0.05463893109440726,0.0,post,62.2309,0.0312631578947369,0.15019999999999997
2018-06-30,62.76850476190475,2018.0,6.0,11211.8876953125,77.44000000000001,9.997976711483082,8784850000.0,9.997976711483082,0.015329723247876837,0.0,post,62.76850476190475,0.007752380952381156,0.6716571428571424
2018-07-31,62.86194761904763,2018.0,7.0,11211.8876953125,74.16000000000001,9.997976711483082,8784850000.0,9.997976711483082,0.0025596558186690736,0.0,post,62.86194761904763,0.001142857142857186,-0.1669238095238096
2018-08-31,66.07640869565218,2018.0,8.0,11211.8876953125,76.94000000000001,9.997976711483084,8784850000.0,9.997976711483084,0.3600012466381061,0.0,post,66.07640869565218,0.23050434782608667,2.387034782608694
2018-09-30,67.66609523809522,2018.0,9.0,11211.8876953125,82.72,9.997976711483082,8784850000.0,9.997976711483082,-0.1753826166294841,0.0,post,67.66609523809522,-0.11864285714285724,-0.36596666666666455
2018-10-31,65.85452727272728,2018.0,10.0,11211.8876953125,74.83999999999997,9.997976711483084,8784850000.0,9.997976711483084,0.014303792450245682,0.0,post,65.85452727272728,0.008345454545454474,-0.6513772727272724
2018-11-30,66.35568095238096,2018.0,11.0,11211.8876953125,57.71,9.997976711483082,8784850000.0,9.997976711483082,0.06444369692442849,0.0,post,66.35568095238096,0.0409523809523816,0.4214714285714284
2018-12-31,67.33531363636365,2018.0,12.0,11211.8876953125,50.57000000000001,9.997976711483084,8784850000.0,9.997976711483084,0.19060117121886166,0.0,post,67.33531363636365,0.1289272727272726,0.9050181818181816
2019-01-31,66.51254374999999,2019.0,1.0,11447.701171875,62.46,3.26313281881684,31974770000.0,3.26313281881684,-0.30662355169412264,0.0,post,66.51254374999999,-0.21074375000000067,-1.252918750000001
2019-02-28,65.81052500000001,2019.0,2.0,11447.701171875,65.03,3.2631328188168403,31974770000.0,3.2631328188168403,-0.024547579316646084,0.0,post,65.81052500000001,-0.01708499999999944,-0.27586499999999886
2019-03-31,65.09225714285714,2019.0,3.0,11447.701171875,67.93000000000002,3.2631328188168403,31974770000.0,3.2631328188168403,-0.07343629839358154,0.0,post,65.09225714285714,-0.04868095238095244,-0.773219047619048
2019-04-30,64.60310476190477,2019.0,4.0,11447.701171875,72.19000000000001,3.2631328188168403,31974770000.0,3.2631328188168403,-0.0021370160126266136,0.0,post,64.60310476190477,-0.002047619047619351,-0.1801952380952392
2019-05-31,64.81870555555555,2019.0,5.0,11447.701171875,66.78,3.2631328188168403,31974770000.0,3.2631328188168403,0.032143271986744146,0.0,post,64.81870555555555,0.020366666666666963,0.2745333333333342
2019-06-30,64.16905,2019.0,6.0,11447.701171875,67.52,3.2631328188168403,31974770000.0,3.2631328188168403,-0.15388078177159925,0.0,post,64.16905,-0.09913500000000006,-0.6489299999999993
2019-07-31,63.222681818181826,2019.0,7.0,11447.701171875,64.06999999999998,3.2631328188168407,31974770000.0,3.2631328188168407,0.022479227300962898,0.0,post,63.222681818181826,0.01379545454545453,-0.2676181818181821
2019-08-31,65.58748260869565,2019.0,8.0,11447.701171875,61.03999999999999,3.2631328188168407,31974770000.0,3.2631328188168407,0.2099764882046831,0.0,post,65.58748260869565,0.1352434782608695,1.6505043478260877
2019-09-30,64.95870500000001,2019.0,9.0,11447.701171875,60.989999999999995,3.2631328188168403,31974770000.0,3.2631328188168403,-0.157065332111751,0.0,post,64.95870500000001,-0.10370500000000007,-1.199945000000001
2019-10-31,64.37499130434783,2019.0,10.0,11447.701171875,59.29999999999998,3.2631328188168407,31974770000.0,3.2631328188168407,-0.03610472359044562,0.0,post,64.37499130434783,-0.02357391304347831,-0.1502739130434785
2019-11-30,63.867119047619035,2019.0,11.0,11447.701171875,64.5,3.2631328188168403,31974770000.0,3.2631328188168403,0.016268195206732495,0.0,post,63.867119047619035,0.00991904761904768,-0.0025238095238097323
2019-12-31,62.932538095238094,2019.0,12.0,11447.701171875,67.77,3.2631328188168403,31974770000.0,3.2631328188168403,-0.16368713556322062,0.0,post,62.932538095238094,-0.10361904761904737,-0.9490142857142849
2020-01-31,61.81214705882354,2020.0,1.0,10108.3271484375,57.77,0.898246027195242,9478810000.0,0.898246027195242,0.10804236014783478,0.0,post,61.81214705882354,0.06648235294117617,-0.1864882352941175
2020-02-29,63.97975,2020.0,2.0,10108.3271484375,51.30999999999999,0.8982460271952422,9478810000.0,0.8982460271952422,0.30785806748660216,0.0,post,63.97975,0.19774999999999993,1.3953649999999995
2020-03-31,73.71944210526316,2020.0,3.0,10108.3271484375,14.850000000000001,0.8982460271952422,9478810000.0,0.8982460271952422,0.8166886562308455,0.0,post,73.71944210526316,0.5653473684210529,8.03551052631579
2020-04-30,74.76353333333333,2020.0,4.0,10108.3271484375,18.11,0.8982460271952422,9478810000.0,0.8982460271952422,-0.28947394780655294,0.0,post,74.76353333333333,-0.2246166666666664,-1.5763277777777764
2020-05-31,72.50029444444444,2020.0,5.0,10108.3271484375,34.15,0.8982460271952422,9478810000.0,0.8982460271952422,-0.22221078874807473,0.0,post,72.50029444444444,-0.1631888888888895,-1.8303944444444455
2020-06-30,69.196715,2020.0,6.0,10108.3271484375,41.64,0.8982460271952422,9478810000.0,0.8982460271952422,-0.05335514878424763,0.0,post,69.196715,-0.0400349999999996,-1.4828400000000008
2020-07-31,71.29407391304348,2020.0,7.0,10108.3271484375,43.13,0.898246027195242,9478810000.0,0.898246027195242,0.20989564303710426,0.0,post,71.29407391304348,0.14834782608695618,1.1077869565217393
2020-08-31,73.79810952380953,2020.0,8.0,10108.3271484375,45.220000000000006,0.8982460271952422,9478810000.0,0.8982460271952422,0.08403708108194886,0.0,post,73.79810952380953,0.06070952380952392,1.4071095238095253
2020-09-30,75.72798636363635,2020.0,9.0,10108.3271484375,40.29999999999998,0.898246027195242,9478810000.0,0.898246027195242,0.30180006009076676,0.0,post,75.72798636363635,0.22937727272727282,1.2454181818181815
2020-10-31,77.66354782608695,2020.0,10.0,10108.3271484375,36.33000000000001,0.898246027195242,9478810000.0,0.898246027195242,-0.015849391932906565,0.0,post,77.66354782608695,-0.015313043478260709,0.6422826086956526
2020-11-30,76.83946842105263,2020.0,11.0,10108.3271484375,46.84000000000001,0.8982460271952422,9478810000.0,0.8982460271952422,-0.2319727077789531,0.0,post,76.83946842105263,-0.1827578947368425,-0.8774894736842109
2020-12-31,74.21670434782608,2020.0,12.0,10108.3271484375,51.220000000000006,0.898246027195242,9478810000.0,0.898246027195242,-0.1123393268815382,0.0,post,74.21670434782608,-0.08626956521739136,-1.1197826086956526
2021-01-31,74.39247499999999,2021.0,1.0,12425.029296875,55.25,18.2091007441068,40450000000.0,18.2091007441068,0.20076687281608552,0.0,post,74.39247499999999,0.1485625000000006,0.35476875000000074
2021-02-28,74.3168157894737,2021.0,2.0,12425.029296875,65.85999999999999,18.209100744106802,40450000000.0,18.209100744106802,-0.12500882258222118,0.0,post,74.3168157894737,-0.09554736842105321,-0.46241578947368484
2021-03-31,74.39713333333331,2021.0,3.0,12425.029296875,63.52,18.209100744106802,40450000000.0,18.209100744106802,0.08227689087851557,0.0,post,74.39713333333331,0.060238095238095264,0.54125238095238
2021-04-30,76.14393181818183,2021.0,4.0,12425.029296875,67.73,18.209100744106806,40450000000.0,18.209100744106806,-0.07498338953684741,0.0,post,76.14393181818183,-0.05999999999999969,0.5083409090909096
2021-05-31,74.00427368421053,2021.0,5.0,12425.029296875,69.35999999999999,18.209100744106802,40450000000.0,18.209100744106802,-0.056031481149394845,0.0,post,74.00427368421053,-0.04185789473684197,-1.2448789473684208
2021-06-30,72.61685714285716,2021.0,6.0,12425.029296875,76.94000000000001,18.209100744106802,40450000000.0,18.209100744106802,-0.07794085561059945,0.0,post,72.61685714285716,-0.05784285714285751,-0.7552000000000001
2021-07-31,73.88989130434783,2021.0,7.0,12425.029296875,77.72000000000001,18.209100744106806,40450000000.0,18.209100744106806,0.047656570627122634,0.0,post,73.88989130434783,0.033326086956522075,0.8136391304347828
2021-08-31,73.58273333333334,2021.0,8.0,12425.029296875,73.45000000000002,18.209100744106802,40450000000.0,18.209100744106802,0.02896082945707191,0.0,post,73.58273333333334,0.020742857142856848,-0.06840476190476236
2021-09-30,72.92621818181819,2021.0,9.0,12425.029296875,77.80999999999999,18.209100744106806,40450000000.0,18.209100744106806,-0.04966660126716356,0.0,post,72.92621818181819,-0.0369818181818179,-0.5445772727272714
2021-10-31,71.45009090909092,2021.0,10.0,12425.029296875,83.09999999999997,18.209100744106806,40450000000.0,18.209100744106806,-0.1411139206219376,0.0,post,71.45009090909092,-0.10185454545454578,-1.1380500000000011
2021-11-30,72.6989105263158,2021.0,11.0,12425.029296875,70.85999999999999,18.209100744106802,40450000000.0,18.209100744106802,0.3257844629729334,0.0,post,72.6989105263158,0.234831578947369,1.7918263157894747
2021-12-31,73.76931304347826,2021.0,12.0,12425.029296875,77.24,18.209100744106806,40450000000.0,18.209100744106806,-0.03900218280016733,0.0,post,73.76931304347826,-0.02996521739130495,0.07079565217391225
2022-01-31,76.59474666666667,2022.0,1.0,15619.6142578125,92.34999999999998,18.184689261661795,-39800944226.9806,18.184689261661795,0.3126962808685089,0.0,post,76.59474666666667,0.23498666666666754,2.6764400000000013
2022-02-28,77.16937368421053,2022.0,2.0,15619.6142578125,103.07999999999998,18.1846892616618,-39800944226.9806,18.1846892616618,0.4035416757856178,0.0,post,77.16937368421053,0.30163684210526304,0.36949999999999916
2022-03-31,103.47004545454546,2022.0,3.0,15619.6142578125,107.29,18.184689261661795,-39800944226.9806,18.184689261661795,0.17630963268293712,0.0,post,103.47004545454546,0.024390909090908765,12.024922727272724
2022-04-30,77.89918636363637,2022.0,4.0,15619.6142578125,108.36,18.184689261661795,-39800944226.9806,18.184689261661795,-0.7381992743153386,0.0,post,77.89918636363637,-0.5936999999999997,-13.105986363636362
2022-05-31,63.312741176470595,2022.0,5.0,15619.6142578125,125.53000000000002,18.1846892616618,-39800944226.9806,18.1846892616618,-0.614157281872242,0.0,post,63.312741176470595,-0.4662470588235299,-9.942094117647056
2022-06-30,57.178557142857144,2022.0,6.0,15619.6142578125,119.78000000000003,18.184689261661795,-39800944226.9806,18.184689261661795,-0.9870300590708819,0.0,post,57.178557142857144,-0.5685476190476189,-3.9514761904761917
2022-07-31,58.221399999999996,2022.0,7.0,15619.6142578125,111.51000000000003,18.184689261661795,-39800944226.9806,18.184689261661795,0.8615599973729011,0.0,post,58.221399999999996,0.46145909090909076,1.7870636363636359
2022-08-31,60.39191818181817,2022.0,8.0,15619.6142578125,96.55,18.184689261661795,-39800944226.9806,18.184689261661795,-0.0661950723443499,0.0,post,60.39191818181817,-0.0428363636363636,1.2677500000000004
2022-09-30,59.82150000000001,2022.0,9.0,15619.6142578125,88.90000000000003,18.184689261661795,-39800944226.9806,18.184689261661795,-0.2235584253386698,0.0,post,59.82150000000001,-0.13430454545454557,-0.5627681818181813
2022-10-31,61.11584285714285,2022.0,10.0,15619.6142578125,93.29999999999998,18.184689261661795,-39800944226.9806,18.184689261661795,0.3429060965242537,0.0,post,61.11584285714285,0.1962523809523812,1.4584095238095236
2022-11-30,60.85299523809524,2022.0,11.0,15619.6142578125,85.60999999999997,18.184689261661795,-39800944226.9806,18.184689261661795,-0.034078416157125514,0.0,post,60.85299523809524,-0.021909523809524007,-0.7002666666666665
2022-12-31,65.81498695652175,2022.0,12.0,15619.6142578125,82.81999999999998,18.184689261661795,-39800944226.9806,18.184689261661795,0.6309387838357225,0.0,post,65.81498695652175,0.40275217391304385,4.400186956521739
2023-01-31,68.875975,2023.0,1.0,14159.3876953125,83.42,7.99857099742052,-10045110000.0,7.99857099742052,-0.064329711379571,0.0,post,68.875975,-0.04655000000000076,-0.14431250000000162
2023-02-28,72.78275,2023.0,2.0,14159.3876953125,83.21,7.998570997420521,-10045110000.0,7.998570997420521,0.45102536899136525,0.0,post,72.78275,0.32442222222222244,3.4569166666666686
2023-03-31,76.10358636363637,2023.0,3.0,14159.3876953125,79.19000000000001,7.998570997420523,-10045110000.0,7.998570997420523,0.09975130029505998,0.0,post,76.10358636363637,0.07518181818181802,1.4655454545454534
2023-04-30,80.99554285714285,2023.0,4.0,14159.3876953125,81.31999999999998,7.998570997420522,-10045110000.0,7.998570997420522,0.21018608695096655,0.0,post,80.99554285714285,0.1630000000000001,2.757971428571428
2023-05-31,79.2125947368421,2023.0,5.0,14159.3876953125,71.98,7.998570997420522,-10045110000.0,7.998570997420522,0.017160145827355144,0.0,post,79.2125947368421,0.009363157894737273,-0.9019526315789461
2023-06-30,83.31933333333333,2023.0,6.0,14159.3876953125,74.51,7.998570997420522,-10045110000.0,7.998570997420522,0.36271787683647244,0.0,post,83.31933333333333,0.3022333333333329,2.5667857142857136
2023-07-31,90.47404761904762,2023.0,7.0,14159.3876953125,85.22,7.998570997420522,-10045110000.0,7.998570997420522,0.21462813575490655,0.0,post,90.47404761904762,0.18781904761904805,3.3821047619047637
2023-08-31,95.28534782608696,2023.0,8.0,14159.3876953125,87.28999999999999,7.998570997420523,-10045110000.0,7.998570997420523,0.23983524781980173,0.0,post,95.28534782608696,0.21521739130434733,2.3790217391304322
2023-09-30,96.62225909090907,2023.0,9.0,14159.3876953125,95.85999999999999,7.998570997420523,-10045110000.0,7.998570997420523,0.0722578927896612,0.0,post,96.62225909090907,0.0675636363636365,0.7955181818181827
2023-10-31,97.12228095238095,2023.0,10.0,14159.3876953125,86.81999999999998,7.998570997420522,-10045110000.0,7.998570997420522,-0.20356938323328136,0.0,post,97.12228095238095,-0.19862857142857138,-0.6558142857142848
2023-11-30,90.41279047619048,2023.0,11.0,14159.3876953125,81.72,7.998570997420522,-10045110000.0,7.998570997420522,-0.22532180803187787,0.0,post,90.41279047619048,-0.20759047619047588,-3.6896095238095237
2023-12-31,90.81718636363637,2023.0,12.0,14159.3876953125,77.69000000000001,7.998570997420523,-10045110000.0,7.998570997420523,0.04412320339335514,0.0,post,90.81718636363637,0.0365545454545452,1.0386909090909093
2024-01-31,88.6802875,2024.0,1.0,14889.0185546875,82.98,9.27567104020601,-8175980000.0,9.27567104020601,-0.026078026830916173,0.0,post,88.6802875,-0.024974999999999525,-1.695343750000001
2024-02-29,91.51825500000001,2024.0,2.0,14889.0185546875,84.56999999999998,9.275671040206012,-8175980000.0,9.275671040206012,0.14334511115277782,0.0,post,91.51825500000001,0.12902500000000003,2.120355000000001
2024-03-31,91.73163333333333,2024.0,3.0,14889.0185546875,86.17000000000002,9.275671040206012,-8175980000.0,9.275671040206012,0.026875993087835524,0.0,post,91.73163333333333,0.023657142857142537,0.1405999999999995
2024-04-30,92.95856666666666,2024.0,4.0,14889.0185546875,88.23,9.275671040206012,-8175980000.0,9.275671040206012,-0.02970640716251823,0.0,post,92.95856666666666,-0.027947619047619048,0.4954142857142864
2024-05-31,90.60715263157896,2024.0,5.0,14889.0185546875,79.41000000000001,9.275671040206012,-8175980000.0,9.275671040206012,-0.11430510591771663,0.0,post,90.60715263157896,-0.1048526315789472,-1.9682684210526329
2024-06-30,87.75688,2024.0,6.0,14889.0185546875,87.26,9.275671040206012,-8175980000.0,9.275671040206012,-0.21330506426060714,0.0,post,87.75688,-0.2019449999999999,-1.9003
2024-07-31,87.49164999999999,2024.0,7.0,14889.0185546875,81.39000000000003,9.275671040206014,-8175980000.0,9.275671040206014,0.032744967105290505,0.0,post,87.49164999999999,0.026454545454545165,0.13775454545454577
2024-08-31,89.16016086956522,2024.0,8.0,14889.0185546875,80.20000000000002,9.275671040206014,-8175980000.0,9.275671040206014,0.24513533842402138,0.0,post,89.16016086956522,0.21116521739130464,1.9257913043478272
2024-09-30,91.234505,2024.0,9.0,14889.0185546875,72.34999999999998,9.275671040206012,-8175980000.0,9.275671040206012,0.08500264312452654,0.0,post,91.234505,0.07628999999999948,0.7500699999999988
2024-10-31,96.16022608695651,2024.0,10.0,14889.0185546875,73.25,9.275671040206014,-8175980000.0,9.275671040206014,0.20075262184773676,0.0,post,96.16022608695651,0.18871304347826098,2.4919217391304347
2024-11-30,100.68744999999998,2024.0,11.0,14889.0185546875,74.16000000000003,9.275671040206014,-8175980000.0,9.275671040206014,0.4797554536636939,0.0,post,100.68744999999998,0.48581363636363634,3.3852954545454548
2024-12-31,102.25964761904763,2024.0,12.0,14889.0185546875,74.57999999999998,9.275671040206012,-8175980000.0,9.275671040206012,-0.26615964778154566,0.0,post,102.25964761904763,-0.2886285714285714,-0.7728571428571437
2025-01-31,100.68357391304349,2025.0,1.0,14260.0,77.10999999999997,8.199999999999996,3300000000.0,8.139999999999997,-0.1572499560922608,0.0,post,100.68357391304349,-0.1597173913043474,-1.316113043478259
2025-02-28,92.39455454545454,2025.0,2.0,14260.0,74.76,8.199999999999996,3300000000.0,8.139999999999997,-0.4668573731376917,0.0,post,92.39455454545454,-0.44315454545454586,-5.685077272727274
2025-03-31,86.09760000000001,2025.0,3.0,14260.0,77.23,8.199999999999996,3300000000.0,8.139999999999997,-0.13077328914404343,0.0,post,86.09760000000001,-0.12002173913043448,-2.457808695652174
2025-04-30,83.24364545454544,2025.0,4.0,14260.0,63.369999999999976,8.199999999999996,3300000000.0,8.139999999999997,-0.2137846972861654,0.0,post,83.24364545454544,-0.18195454545454545,-1.1273818181818178
2025-05-31,80.23765,2025.0,5.0,14260.0,64.31999999999998,8.199999999999998,3300000000.0,8.139999999999997,-0.17841227774988033,0.0,post,80.23765,-0.14381000000000058,-1.3373599999999997
2025-06-30,78.677635,2025.0,6.0,14260.0,68.15000000000002,8.199999999999998,3300000000.0,8.139999999999997,-0.004908596560261325,0.0,post,78.677635,-0.004434999999999434,-0.7492650000000012
2025-07-31,78.85013913043477,2025.0,7.0,14260.0,73.43000000000002,8.199999999999996,3300000000.0,8.139999999999997,0.10165905171212959,0.0,post,78.85013913043477,0.07773478260869536,0.420534782608696
2025-08-31,80.01365625,2025.0,8.0,14260.0,67.83,8.2,3300000000.0,8.14,0.03467387096992222,0.0,post,80.01365625,0.027093749999999694,0.5182124999999997
